ID,Орлого (₮),Нас,Туршлага (жил),Гэрлэсэн эсэх,Орон сууц,Машинтай эсэх,Мэргэжил,Хот,Ажлын жил,Оршин суусны жил,Шинэ зээл лавлагаа(%),Зээлийн түүх(%),Зээлийн багц(%),Зээлийн үлдэгдэл(%),Эргэн төлөлт(%),FICO оноо
1,9490142,64,29,үгүй,эзэмшдэг,тийм,Эмч,Эрдэнэт,11,18,50,100.0,80,19.0,100.0,677
2,7585207,60,21,үгүй,эзэмшдэг,тийм,Инженер,Өлгий,13,15,80,100.0,81,15.2,97.4,683
3,9943065,31,11,тийм,эзэмшдэг,тийм,Бусад,Дархан,11,14,90,83.1,86,19.9,68.9,630
4,12569089,23,2,тийм,эзэмшдэг,тийм,Багш,Дархан,9,15,80,50.9,48,25.1,84.3,616
5,7297539,26,6,үгүй,эзэмшдэг,тийм,Менежер,Улаангом,19,10,40,62.2,62,14.6,78.8,583
6,7297589,29,7,тийм,эзэмшдэг,тийм,Нярав,Мөрөн,14,5,60,74.6,53,14.6,81.6,604
7,12737638,26,1,тийм,түрээсэлдэг,тийм,Багш,Эрдэнэт,6,10,70,46.2,50,25.5,61.3,564
8,10302304,29,5,тийм,түрээсэлдэг,тийм,Бусад,Ховд,8,2,70,54.0,46,20.6,67.4,571
9,6591576,59,30,тийм,түрээсэлдэг,тийм,Эмч,Сүхбаатар,9,14,90,100.0,70,13.2,100.0,684
10,9627680,51,24,үгүй,эзэмшдэг,тийм,Эмч,Ховд,9,0,50,100.0,63,19.3,87.9,645
11,6609746,52,12,тийм,эзэмшдэг,үгүй,Сувилагч,Улан Батор,15,6,70,100.0,65,13.2,75.1,623
12,6602810,61,5,тийм,түрээсэлдэг,тийм,Техникч,Улан Батор,6,0,60,71.0,69,13.2,86.7,618
13,8725886,32,11,тийм,түрээсэлдэг,тийм,Бусад,Баянхонгор,4,16,80,99.2,73,17.5,71.4,632
14,2260159,28,8,тийм,түрээсэлдэг,тийм,Эмч,Сайншанд,2,8,100,78.9,85,4.5,76.8,622
15,2825246,28,3,тийм,эзэмшдэг,үгүй,Сувилагч,Арвайхээр,17,12,90,74.2,77,5.7,100.0,654
16,6313137,48,23,тийм,эзэмшилгүй,үгүй,Сувилагч,Ховд,10,10,90,100.0,44,12.6,78.1,627
17,4961506,40,10,тийм,эзэмшдэг,үгүй,Сувилагч,Ховд,14,19,60,87.3,44,9.9,57.6,556
18,8942741,27,3,тийм,эзэмшдэг,тийм,Багш,Улан Батор,19,5,100,37.7,58,17.9,67.6,577
19,5275927,31,1,үгүй,түрээсэлдэг,тийм,Сувилагч,Улан Батор,4,0,80,43.9,90,10.6,78.0,597
20,3763088,40,10,тийм,түрээсэлдэг,тийм,Инженер,Ховд,11,6,70,80.4,77,7.5,91.4,635
21,12396946,36,3,үгүй,эзэмшдэг,тийм,Бусад,Өлгий,3,11,70,59.6,67,24.8,92.6,643
22,7322671,24,1,тийм,эзэмшдэг,үгүй,Инженер,Өлгий,14,19,70,52.2,65,14.6,76.6,588
23,8202584,26,0,тийм,түрээсэлдэг,тийм,Нярав,Ховд,8,18,90,54.5,81,16.4,70.8,602
24,3725755,42,6,үгүй,эзэмшдэг,үгүй,Эмч,Мөрөн,6,16,80,72.9,62,7.5,71.6,588
25,6366851,46,5,тийм,эзэмшдэг,тийм,Техникч,Ховд,9,3,70,73.7,85,12.7,85.2,631
26,8332767,23,1,үгүй,эзэмшдэг,үгүй,Сувилагч,Баянхонгор,12,2,60,59.7,88,16.7,95.0,641
27,4547019,61,31,үгүй,түрээсэлдэг,тийм,Менежер,Ховд,7,0,60,100.0,69,9.1,74.4,611
28,9127094,62,10,тийм,эзэмшдэг,тийм,Менежер,Арвайхээр,11,17,90,92.1,42,18.3,77.8,628
29,6198083,34,3,үгүй,эзэмшилгүй,тийм,Эмч,Улан Батор,18,14,100,60.7,67,12.4,71.1,599
30,7124918,31,7,үгүй,түрээсэлдэг,тийм,Нярав,Сайншанд,0,7,70,91.8,72,14.2,89.6,649
31,6194880,38,14,тийм,эзэмшилгүй,тийм,Менежер,Ховд,15,0,60,100.0,81,12.4,49.3,575
32,13556834,32,6,тийм,эзэмшилгүй,үгүй,Инженер,Улан Батор,16,19,100,59.9,42,27.1,58.5,584
33,7959508,43,20,тийм,эзэмшдэг,тийм,Борлуулагч,Ховд,17,13,90,100.0,44,15.9,60.6,599
34,4826867,32,9,үгүй,эзэмшдэг,тийм,Багш,Арвайхээр,10,3,60,58.6,96,9.7,93.1,629
35,10467634,33,9,үгүй,эзэмшдэг,тийм,Хуульч,Мөрөн,17,4,80,60.3,58,20.9,67.8,590
36,4337469,45,11,үгүй,эзэмшдэг,тийм,Менежер,Сүхбаатар,6,12,50,78.0,81,8.7,77.7,600
37,8626590,65,13,үгүй,түрээсэлдэг,үгүй,Техникч,Баянхонгор,17,14,50,80.2,97,17.3,78.4,626
38,2120989,39,4,тийм,эзэмшдэг,үгүй,Сувилагч,Баянхонгор,7,5,60,57.1,96,4.2,89.5,612
39,4015441,56,20,тийм,эзэмшдэг,үгүй,Техникч,Дархан,5,0,80,100.0,87,8.0,88.9,658
40,8590583,65,17,үгүй,эзэмшдэг,үгүй,Бусад,Ховд,6,18,50,100.0,40,17.2,74.1,603
41,10215399,28,4,тийм,эзэмшилгүй,үгүй,Багш,Ховд,9,12,40,73.7,77,20.4,62.9,579
42,8514104,49,2,үгүй,эзэмшдэг,тийм,Инженер,Баянхонгор,10,5,90,60.1,48,17.0,65.0,578
43,7653055,52,22,тийм,эзэмшдэг,үгүй,Нярав,Баянхонгор,12,14,80,100.0,99,15.3,81.4,662
44,7096688,64,25,тийм,эзэмшдэг,тийм,Багш,Сайншанд,8,15,80,100.0,44,14.2,68.5,605
45,3564434,38,4,үгүй,эзэмшилгүй,тийм,Хуульч,Ховд,6,15,80,68.4,98,7.1,98.3,655
46,5840467,26,7,үгүй,түрээсэлдэг,тийм,Борлуулагч,Дархан,8,9,70,62.7,85,11.7,76.3,603
47,6618083,38,16,тийм,эзэмшдэг,үгүй,Менежер,Арвайхээр,12,8,90,85.3,81,13.2,78.9,638
48,11171366,39,18,үгүй,эзэмшдэг,үгүй,Нярав,Өлгий,2,8,60,100.0,73,22.3,98.9,682
49,9030854,42,18,тийм,эзэмшдэг,тийм,Нярав,Ховд,2,16,80,100.0,76,18.1,100.0,690
50,2710879,57,24,үгүй,эзэмшдэг,үгүй,Менежер,Мөрөн,0,16,100,100.0,72,5.4,91.9,662
51,8972251,52,20,үгүй,эзэмшилгүй,үгүй,Менежер,Улан Батор,19,16,90,100.0,64,17.9,86.5,663
52,6844753,61,11,үгүй,түрээсэлдэг,тийм,Менежер,Баянхонгор,1,11,50,93.9,81,13.7,64.7,596
53,5969233,23,0,үгүй,эзэмшдэг,тийм,Менежер,Эрдэнэт,2,12,50,67.8,68,11.9,97.8,628
54,9835028,48,28,тийм,түрээсэлдэг,үгүй,Менежер,Ховд,14,11,70,100.0,97,19.7,95.9,691
55,11092998,30,8,тийм,эзэмшдэг,тийм,Нярав,Сүхбаатар,5,13,80,78.3,64,22.2,90.1,653
56,10793840,55,32,үгүй,түрээсэлдэг,тийм,Эмч,Сайншанд,12,9,90,100.0,93,21.6,71.4,656
57,5482347,49,17,тийм,түрээсэлдэг,тийм,Эмч,Сайншанд,0,18,80,100.0,98,11.0,60.0,613
58,7072362,35,3,үгүй,эзэмшдэг,тийм,Техникч,Эрдэнэт,19,1,70,47.7,48,14.1,54.1,531
59,8993790,53,6,тийм,түрээсэлдэг,үгүй,Эмч,Ховд,18,3,70,54.0,42,18.0,69.4,569
60,10926635,27,5,үгүй,эзэмшдэг,тийм,Хуульч,Баянхонгор,0,18,50,64.6,54,21.9,100.0,639
61,6562477,32,6,үгүй,эзэмшдэг,үгүй,Эмч,Сүхбаатар,1,6,70,59.6,43,13.1,75.4,578
62,7443023,50,0,үгүй,эзэмшдэг,үгүй,Нярав,Эрдэнэт,14,14,80,59.4,84,14.9,91.8,640
63,4680995,41,16,тийм,эзэмшдэг,үгүй,Менежер,Ховд,13,14,50,83.0,77,9.4,92.7,632
64,4411380,51,23,үгүй,түрээсэлдэг,тийм,Сувилагч,Ховд,18,5,70,100.0,59,8.8,80.7,623
65,10437577,44,1,тийм,эзэмшилгүй,тийм,Сувилагч,Сүхбаатар,10,2,60,48.8,88,20.9,100.0,648
66,12068720,40,10,тийм,түрээсэлдэг,тийм,Хуульч,Сайншанд,14,5,60,64.6,62,24.1,46.4,549
67,7783969,57,38,үгүй,түрээсэлдэг,тийм,Бусад,Эрдэнэт,5,15,60,100.0,76,15.6,56.7,592
68,11010598,24,5,үгүй,түрээсэлдэг,үгүй,Нярав,Сайншанд,19,1,50,63.2,86,22.0,71.3,600
69,9084908,48,16,үгүй,эзэмшдэг,тийм,Инженер,Ховд,8,6,60,92.0,47,18.2,57.7,575
70,6064640,64,16,тийм,эзэмшдэг,тийм,Багш,Сайншанд,4,10,60,100.0,96,12.1,95.0,671
71,9084186,40,1,тийм,эзэмшдэг,тийм,Техникч,Өлгий,19,6,100,61.8,76,18.2,89.4,649
72,12614109,44,5,тийм,түрээсэлдэг,үгүй,Инженер,Улан Батор,1,3,60,67.1,95,25.2,90.9,657
73,7892521,52,5,тийм,эзэмшилгүй,үгүй,Нярав,Өлгий,5,19,80,64.3,84,15.8,98.9,659
74,12693930,61,33,тийм,эзэмшдэг,тийм,Эмч,Баянхонгор,17,6,50,100.0,72,25.4,60.7,608
75,2000000,56,0,үгүй,түрээсэлдэг,үгүй,Менежер,Баянхонгор,18,3,50,56.3,72,4.0,66.7,548
76,10465707,54,9,тийм,түрээсэлдэг,тийм,Инженер,Дархан,8,11,80,91.2,46,20.9,85.9,644
77,8261141,56,20,үгүй,түрээсэлдэг,тийм,Багш,Ховд,5,4,60,100.0,61,16.5,75.5,621
78,7102977,22,0,үгүй,эзэмшдэг,үгүй,Бусад,Улаангом,13,18,100,41.5,44,14.2,46.4,526
79,8275282,35,1,үгүй,эзэмшдэг,тийм,Сувилагч,Мөрөн,12,4,80,54.8,85,16.6,100.0,655
80,2037293,54,21,үгүй,эзэмшдэг,үгүй,Бусад,Сайншанд,10,18,100,100.0,54,4.1,90.9,648
81,7340984,56,1,үгүй,эзэмшдэг,тийм,Багш,Өлгий,11,2,40,40.8,60,14.7,98.4,602
82,9071337,26,1,тийм,эзэмшдэг,тийм,Менежер,Эрдэнэт,18,10,60,48.0,64,18.1,82.8,597
83,12433682,59,33,тийм,түрээсэлдэг,үгүй,Эмч,Баянхонгор,18,6,50,100.0,56,24.9,99.4,673
84,6445189,62,15,тийм,эзэмшдэг,тийм,Багш,Сүхбаатар,18,16,40,81.5,95,12.9,100.0,655
85,5574519,32,2,тийм,түрээсэлдэг,үгүй,Техникч,Мөрөн,12,8,50,49.1,89,11.1,70.4,570
86,6494728,23,4,үгүй,түрээсэлдэг,үгүй,Багш,Улаангом,13,8,50,52.5,46,13.0,100.0,610
87,10746206,65,38,тийм,түрээсэлдэг,тийм,Нярав,Сайншанд,17,9,80,100.0,93,21.5,79.1,665
88,8986253,38,11,үгүй,эзэмшдэг,тийм,Эмч,Арвайхээр,11,12,70,78.5,97,18.0,100.0,678
89,6410719,60,23,үгүй,түрээсэлдэг,тийм,Менежер,Ховд,3,14,10,100.0,89,12.8,77.8,607
90,9539802,41,14,тийм,эзэмшилгүй,тийм,Сувилагч,Баянхонгор,9,4,100,100.0,99,19.1,94.4,705
91,8291232,35,7,үгүй,эзэмшдэг,тийм,Сувилагч,Ховд,16,2,90,73.0,58,16.6,78.4,619
92,10905934,53,9,тийм,эзэмшдэг,тийм,Багш,Дархан,3,7,70,70.2,91,21.8,52.7,583
93,5893840,55,34,тийм,түрээсэлдэг,тийм,Нярав,Улаангом,11,19,40,100.0,46,11.8,100.0,641
94,7017013,46,18,үгүй,эзэмшдэг,тийм,Инженер,Сүхбаатар,12,9,90,83.3,79,14.0,55.8,592
95,6823675,28,0,тийм,эзэмшдэг,үгүй,Бусад,Сайншанд,3,12,50,56.7,84,13.6,100.0,635
96,3609455,56,31,үгүй,эзэмшдэг,үгүй,Бусад,Сүхбаатар,9,2,70,100.0,98,7.2,78.6,638
97,8888360,50,6,тийм,эзэмшдэг,үгүй,Бусад,Ховд,2,7,50,67.5,89,17.8,92.6,639
98,8783165,43,20,тийм,түрээсэлдэг,тийм,Инженер,Эрдэнэт,14,8,30,100.0,63,17.6,97.0,649
99,8015340,62,19,үгүй,эзэмшдэг,үгүй,Нярав,Дархан,1,11,50,90.9,50,16.0,91.5,632
100,7296238,64,25,тийм,түрээсэлдэг,тийм,Бусад,Ховд,16,10,40,100.0,80,14.6,82.6,631
101,3753887,34,14,тийм,түрээсэлдэг,үгүй,Техникч,Арвайхээр,5,1,90,94.2,94,7.5,91.3,667
102,6738064,34,3,тийм,түрээсэлдэг,үгүй,Инженер,Улаангом,7,17,80,73.6,40,13.5,44.8,535
103,6971856,22,1,үгүй,түрээсэлдэг,тийм,Инженер,Улан Батор,2,8,90,80.2,93,13.9,86.8,656
104,5593168,57,21,тийм,түрээсэлдэг,тийм,Менежер,Баянхонгор,17,1,50,97.5,71,11.2,73.3,606
105,7516142,25,6,тийм,эзэмшдэг,үгүй,Менежер,Өлгий,0,1,80,82.2,79,15.0,72.6,619
106,9212152,58,39,тийм,түрээсэлдэг,үгүй,Эмч,Сайншанд,15,2,80,100.0,92,18.4,52.9,609
107,13658557,65,20,тийм,түрээсэлдэг,үгүй,Техникч,Баянхонгор,6,15,80,100.0,83,27.3,57.2,627
108,8523733,61,14,үгүй,түрээсэлдэг,тийм,Техникч,Ховд,2,18,80,95.7,41,17.0,100.0,666
109,8772651,34,5,үгүй,түрээсэлдэг,тийм,Эмч,Баянхонгор,3,3,80,52.0,54,17.5,96.0,630
110,7776662,59,27,тийм,эзэмшдэг,тийм,Техникч,Баянхонгор,8,17,80,100.0,60,15.6,89.9,658
111,2243686,45,13,үгүй,эзэмшдэг,үгүй,Хуульч,Улан Батор,4,19,40,71.6,63,4.5,77.8,572
112,7920458,40,8,тийм,түрээсэлдэг,тийм,Борлуулагч,Улан Батор,18,17,100,79.5,89,15.8,86.3,661
113,8180690,22,3,үгүй,эзэмшдэг,үгүй,Бусад,Дархан,14,9,90,62.3,56,16.4,88.5,629
114,15389726,59,27,үгүй,түрээсэлдэг,тийм,Менежер,Улаангом,7,10,60,100.0,86,30.8,64.9,638
115,7422917,26,1,тийм,эзэмшдэг,тийм,Эмч,Эрдэнэт,5,16,40,68.2,91,14.8,84.9,616
116,8904642,37,16,үгүй,эзэмшдэг,тийм,Эмч,Арвайхээр,17,19,70,91.4,91,17.8,86.2,659
117,7895864,45,1,үгүй,эзэмшдэг,үгүй,Техникч,Баянхонгор,18,15,70,65.8,48,15.8,63.7,567
118,4493965,48,24,тийм,эзэмшдэг,тийм,Инженер,Сүхбаатар,14,19,70,100.0,74,9.0,70.3,611
119,11428468,22,3,тийм,түрээсэлдэг,тийм,Сувилагч,Улан Батор,6,12,60,52.2,59,22.9,76.1,592
120,10255799,55,2,тийм,эзэмшдэг,тийм,Багш,Улан Батор,9,1,90,54.9,58,20.5,84.9,623
121,10373095,57,7,үгүй,эзэмшилгүй,тийм,Багш,Сайншанд,5,1,60,58.5,57,20.7,81.9,604
122,5271837,25,3,үгүй,түрээсэлдэг,тийм,Эмч,Өлгий,13,13,60,61.2,59,10.5,77.0,581
123,12208382,21,0,үгүй,эзэмшдэг,үгүй,Бусад,Ховд,16,3,60,50.3,69,24.4,88.2,622
124,3794446,60,41,үгүй,түрээсэлдэг,тийм,Хуульч,Улан Батор,8,16,90,100.0,79,7.6,69.2,621
125,9760571,32,3,үгүй,түрээсэлдэг,тийм,Бусад,Ховд,18,12,80,67.8,40,19.5,68.0,585
126,14571366,56,34,үгүй,түрээсэлдэг,үгүй,Эмч,Дархан,4,3,90,100.0,63,29.1,76.9,662
127,5028391,65,5,үгүй,эзэмшдэг,үгүй,Бусад,Эрдэнэт,6,2,80,50.2,63,10.1,63.5,558
128,6301106,43,6,тийм,түрээсэлдэг,тийм,Менежер,Баянхонгор,18,11,80,77.3,86,12.6,77.0,624
129,8298954,51,22,тийм,түрээсэлдэг,тийм,Бусад,Сүхбаатар,19,7,70,100.0,58,16.6,93.3,659
130,6489573,31,8,үгүй,эзэмшдэг,үгүй,Техникч,Улан Батор,6,1,80,55.1,69,13.0,100.0,641
131,3348009,30,10,тийм,эзэмшдэг,үгүй,Техникч,Ховд,1,5,50,83.1,65,6.7,65.9,569
132,8205688,23,1,үгүй,түрээсэлдэг,үгүй,Хуульч,Сайншанд,15,9,50,56.9,81,16.4,75.9,592
133,4813088,34,10,тийм,эзэмшдэг,тийм,Менежер,Ховд,12,11,70,76.4,83,9.6,75.4,608
134,9420777,36,4,тийм,түрээсэлдэг,тийм,Сувилагч,Өлгий,7,9,50,60.0,99,18.8,60.5,578
135,5241727,30,2,үгүй,эзэмшдэг,үгүй,Инженер,Арвайхээр,5,9,70,50.0,77,10.5,93.5,619
136,12649803,49,10,тийм,эзэмшилгүй,тийм,Менежер,Өлгий,5,2,20,84.2,68,25.3,67.6,589
137,5650240,30,7,тийм,түрээсэлдэг,тийм,Нярав,Улан Батор,8,19,20,72.4,52,11.3,100.0,610
138,7033815,32,11,тийм,эзэмшдэг,үгүй,Борлуулагч,Улаангом,3,9,60,73.9,43,14.1,94.4,622
139,10440551,50,9,үгүй,эзэмшдэг,тийм,Эмч,Сайншанд,10,8,90,93.2,84,20.9,85.2,671
140,4307407,61,7,тийм,түрээсэлдэг,тийм,Нярав,Баянхонгор,4,19,100,64.3,56,8.6,88.0,622
141,8682379,21,0,үгүй,түрээсэлдэг,тийм,Хуульч,Эрдэнэт,16,18,70,22.9,72,17.4,60.4,542
142,11921428,25,3,тийм,түрээсэлдэг,тийм,Нярав,Ховд,19,13,60,54.3,44,23.8,100.0,633
143,3177550,40,4,үгүй,эзэмшдэг,тийм,Техникч,Улаангом,6,1,70,72.3,67,6.4,61.1,563
144,8553901,28,4,үгүй,эзэмшдэг,үгүй,Бусад,Өлгий,14,4,40,59.9,63,17.1,88.2,604
145,8779648,63,7,тийм,эзэмшдэг,тийм,Инженер,Ховд,14,19,60,54.7,56,17.6,57.2,547
146,10345468,32,6,тийм,түрээсэлдэг,тийм,Багш,Ховд,13,7,60,57.7,89,20.7,97.3,650
147,4289147,21,0,тийм,эзэмшдэг,үгүй,Эмч,Улаангом,12,6,70,39.2,78,8.6,58.4,540
148,4038630,40,14,үгүй,эзэмшдэг,тийм,Багш,Ховд,10,5,80,86.2,87,8.1,91.5,652
149,9565824,48,14,тийм,түрээсэлдэг,тийм,Бусад,Өлгий,12,10,50,89.4,79,19.1,76.8,624
150,8890954,63,39,тийм,эзэмшилгүй,үгүй,Техникч,Сайншанд,8,11,60,100.0,83,17.8,58.8,603
151,8751478,57,17,тийм,эзэмшдэг,үгүй,Техникч,Улаангом,9,17,70,100.0,85,17.5,62.9,617
152,9039344,57,19,тийм,эзэмшдэг,тийм,Бусад,Өлгий,3,18,50,100.0,90,18.1,73.4,630
153,5959925,32,5,тийм,түрээсэлдэг,үгүй,Эмч,Ховд,16,9,80,82.8,50,11.9,55.8,566
154,8696761,57,11,үгүй,түрээсэлдэг,тийм,Багш,Баянхонгор,13,13,80,91.6,51,17.4,63.8,599
155,8879217,64,1,үгүй,эзэмшдэг,үгүй,Менежер,Арвайхээр,17,2,80,60.7,52,17.8,99.9,644
156,5856945,48,6,тийм,эзэмшилгүй,тийм,Техникч,Ховд,10,17,70,49.9,47,11.7,100.0,617
157,13597323,35,15,тийм,түрээсэлдэг,үгүй,Багш,Ховд,15,14,70,87.5,40,27.2,87.2,645
158,9421498,26,2,тийм,эзэмшдэг,тийм,Сувилагч,Ховд,0,5,70,40.0,48,18.8,56.2,537
159,4426089,64,44,үгүй,эзэмшдэг,тийм,Багш,Улан Батор,6,9,100,100.0,67,8.9,64.5,613
160,9969660,40,2,үгүй,түрээсэлдэг,тийм,Сувилагч,Мөрөн,9,11,60,63.9,41,19.9,75.5,586
161,5075954,34,10,үгүй,түрээсэлдэг,тийм,Сувилагч,Ховд,8,6,60,76.1,53,10.2,84.8,604
162,10361253,22,1,үгүй,эзэмшдэг,үгүй,Техникч,Улан Батор,2,16,80,63.7,52,20.7,83.5,620
163,11475786,29,10,тийм,түрээсэлдэг,тийм,Эмч,Өлгий,13,0,60,86.9,87,23.0,73.3,631
164,5537953,57,37,үгүй,түрээсэлдэг,тийм,Хуульч,Мөрөн,14,17,80,100.0,41,11.1,93.6,647
165,10890128,40,0,үгүй,эзэмшдэг,тийм,Техникч,Ховд,1,14,90,61.0,43,21.8,70.3,594
166,9238342,46,27,тийм,түрээсэлдэг,тийм,Эмч,Сайншанд,13,18,90,100.0,51,18.5,89.9,663
167,10466180,49,0,үгүй,эзэмшилгүй,үгүй,Эмч,Баянхонгор,15,0,90,54.5,87,20.9,67.5,606
168,13690378,21,2,тийм,эзэмшдэг,үгүй,Нярав,Мөрөн,6,4,90,58.3,49,27.4,55.4,576
169,7263835,55,7,үгүй,эзэмшдэг,тийм,Бусад,Мөрөн,3,14,80,77.3,42,14.5,100.0,647
170,5738791,26,4,тийм,эзэмшдэг,үгүй,Бусад,Дархан,17,2,90,47.9,43,11.5,62.6,552
171,5331456,57,31,тийм,түрээсэлдэг,үгүй,Бусад,Баянхонгор,4,0,50,100.0,45,10.7,73.9,594
172,5552569,25,3,үгүй,эзэмшилгүй,тийм,Борлуулагч,Дархан,5,7,80,58.8,62,11.1,70.6,580
173,7768694,53,3,тийм,эзэмшдэг,тийм,Техникч,Улан Батор,6,11,90,55.3,44,15.5,100.0,637
174,9023455,34,13,тийм,түрээсэлдэг,үгүй,Эмч,Эрдэнэт,14,18,70,81.1,89,18.0,100.0,676
175,8830072,32,5,тийм,түрээсэлдэг,тийм,Нярав,Улаангом,0,11,50,75.0,42,17.7,92.4,619
176,10481549,62,18,үгүй,түрээсэлдэг,үгүй,Сувилагч,Баянхонгор,3,12,70,100.0,49,21.0,75.0,626
177,8039005,40,8,тийм,эзэмшдэг,тийм,Хуульч,Арвайхээр,0,0,70,76.6,82,16.1,100.0,665
178,12360602,44,11,тийм,эзэмшдэг,тийм,Хуульч,Эрдэнэт,10,18,90,97.2,58,24.7,80.5,657
179,7206029,63,10,үгүй,эзэмшдэг,тийм,Сувилагч,Улаангом,17,5,80,78.0,53,14.4,99.7,653
180,16160507,54,15,үгүй,түрээсэлдэг,тийм,Багш,Улан Батор,13,7,70,91.1,60,32.3,87.7,668
181,9877002,45,0,тийм,эзэмшдэг,үгүй,Багш,Сүхбаатар,10,3,80,63.6,99,19.8,79.3,636
182,5428527,49,30,үгүй,эзэмшилгүй,тийм,Бусад,Сайншанд,9,4,60,100.0,82,10.9,86.2,644
183,4787322,59,20,үгүй,эзэмшдэг,тийм,Техникч,Улан Батор,16,6,60,100.0,67,9.6,86.9,635
184,9447417,51,29,үгүй,эзэмшдэг,үгүй,Борлуулагч,Өлгий,3,3,60,100.0,60,18.9,79.1,631
185,7329611,63,12,тийм,түрээсэлдэг,тийм,Нярав,Арвайхээр,14,19,80,88.9,75,14.7,95.5,666
186,10142001,43,1,тийм,түрээсэлдэг,тийм,Хуульч,Сайншанд,15,3,70,58.7,63,20.3,84.5,617
187,9419712,64,3,тийм,эзэмшдэг,үгүй,Бусад,Сүхбаатар,12,14,90,65.3,93,18.8,100.0,678
188,7781513,58,27,тийм,эзэмшдэг,үгүй,Инженер,Баянхонгор,8,4,70,100.0,77,15.6,25.5,538
189,5459618,40,5,тийм,эзэмшилгүй,тийм,Бусад,Мөрөн,10,8,80,62.5,56,10.9,82.6,603
190,3455458,43,22,тийм,эзэмшдэг,тийм,Инженер,Дархан,10,1,100,100.0,61,6.9,100.0,674
191,6660455,65,26,үгүй,эзэмшдэг,тийм,Менежер,Дархан,5,6,70,100.0,58,13.3,100.0,667
192,10569196,36,4,тийм,түрээсэлдэг,тийм,Эмч,Улан Батор,0,16,60,70.9,84,21.1,84.0,634
193,8642281,62,24,тийм,эзэмшдэг,тийм,Сувилагч,Дархан,5,15,90,100.0,93,17.3,83.1,671
194,4262783,28,2,үгүй,эзэмшдэг,тийм,Эмч,Баянхонгор,12,16,80,59.1,49,8.5,89.8,606
195,8519542,41,0,тийм,эзэмшдэг,тийм,Бусад,Баянхонгор,4,19,50,46.0,50,17.0,100.0,613
196,9155952,21,0,тийм,эзэмшдэг,тийм,Эмч,Баянхонгор,14,1,100,50.9,77,18.3,65.5,595
197,5348427,28,3,үгүй,эзэмшдэг,тийм,Нярав,Сайншанд,17,10,90,55.4,41,10.7,74.0,577
198,8461175,49,1,тийм,эзэмшдэг,тийм,Менежер,Сүхбаатар,19,1,80,45.8,72,16.9,100.0,641
199,8174626,52,25,үгүй,эзэмшдэг,үгүй,Борлуулагч,Улан Батор,13,0,80,100.0,82,16.3,53.1,600
200,4571089,58,4,үгүй,эзэмшдэг,үгүй,Менежер,Мөрөн,14,1,80,60.5,70,9.1,74.6,591
201,9073362,25,2,тийм,түрээсэлдэг,тийм,Хуульч,Улан Батор,4,8,60,59.6,87,18.1,100.0,652
202,9682353,42,8,үгүй,эзэмшдэг,тийм,Нярав,Өлгий,3,1,70,68.0,74,19.4,91.4,643
203,11249153,54,5,тийм,эзэмшдэг,тийм,Эмч,Баянхонгор,1,14,70,76.9,76,22.5,77.8,630
204,11161406,21,2,тийм,түрээсэлдэг,тийм,Борлуулагч,Ховд,6,9,80,80.6,86,22.3,63.3,616
205,3866991,46,27,тийм,түрээсэлдэг,тийм,Эмч,Ховд,9,14,70,100.0,86,7.7,56.8,590
206,5186524,63,43,тийм,эзэмшдэг,тийм,Техникч,Сүхбаатар,15,9,90,100.0,75,10.4,66.1,617
207,9545105,30,8,үгүй,эзэмшилгүй,тийм,Техникч,Баянхонгор,9,16,80,64.9,62,19.1,93.2,642
208,9541357,50,10,тийм,эзэмшдэг,үгүй,Багш,Баянхонгор,17,8,100,83.7,75,19.1,70.6,632
209,9545143,38,1,тийм,эзэмшдэг,тийм,Менежер,Эрдэнэт,16,17,60,67.8,79,19.1,91.5,640
210,19558194,37,14,тийм,түрээсэлдэг,тийм,Борлуулагч,Арвайхээр,12,3,60,100.0,78,39.1,63.7,645
211,9712671,46,11,тийм,түрээсэлдэг,үгүй,Техникч,Арвайхээр,0,8,40,97.0,65,19.4,100.0,662
212,11406696,28,8,тийм,эзэмшдэг,тийм,Багш,Сүхбаатар,0,15,70,82.4,64,22.8,71.9,617
213,10862005,60,20,тийм,эзэмшдэг,тийм,Нярав,Баянхонгор,14,3,60,100.0,56,21.7,83.5,642
214,9954173,32,7,үгүй,түрээсэлдэг,тийм,Борлуулагч,Улаангом,0,15,90,60.5,54,19.9,59.7,576
215,7054192,47,1,тийм,эзэмшдэг,тийм,Багш,Ховд,5,18,70,52.0,76,14.1,60.8,563
216,10276907,28,5,тийм,эзэмшилгүй,үгүй,Сувилагч,Мөрөн,12,0,90,62.8,84,20.6,75.1,626
217,5681524,45,2,тийм,эзэмшдэг,тийм,Борлуулагч,Баянхонгор,0,5,70,55.1,43,11.4,65.1,551
218,7289544,24,3,тийм,түрээсэлдэг,тийм,Бусад,Сүхбаатар,4,9,80,51.8,61,14.6,100.0,636
219,6543909,53,27,үгүй,түрээсэлдэг,тийм,Багш,Ховд,8,15,50,100.0,56,13.1,44.1,547
220,8245622,21,1,тийм,түрээсэлдэг,тийм,Эмч,Ховд,16,3,60,50.3,61,16.5,78.0,585
221,14943975,39,15,тийм,түрээсэлдэг,үгүй,Бусад,Сүхбаатар,15,12,90,91.4,56,29.9,85.3,669
222,2398204,51,20,тийм,түрээсэлдэг,үгүй,Сувилагч,Арвайхээр,7,15,60,100.0,53,4.8,64.5,576
223,10058780,36,0,үгүй,эзэмшдэг,тийм,Техникч,Баянхонгор,16,19,80,52.3,53,20.1,68.4,581
224,3161852,34,4,үгүй,эзэмшдэг,тийм,Инженер,Сайншанд,14,5,90,77.0,56,6.3,70.6,590
225,6584204,25,2,тийм,эзэмшдэг,тийм,Багш,Өлгий,0,10,40,55.9,47,13.2,70.1,550
226,11266851,61,33,үгүй,түрээсэлдэг,үгүй,Нярав,Улаангом,11,2,90,100.0,73,22.5,65.7,635
227,8192840,46,8,үгүй,түрээсэлдэг,тийм,Багш,Улан Батор,4,19,60,93.4,65,16.4,99.3,663
228,4766765,48,18,үгүй,эзэмшдэг,тийм,Инженер,Улаангом,5,9,60,100.0,84,9.5,76.2,624
229,5854088,22,2,үгүй,эзэмшдэг,тийм,Сувилагч,Эрдэнэт,0,0,40,61.9,69,11.7,87.7,599
230,10038793,26,1,тийм,эзэмшдэг,тийм,Сувилагч,Улаангом,0,19,40,58.5,61,20.1,82.6,595
231,5808900,29,9,тийм,түрээсэлдэг,тийм,Бусад,Баянхонгор,9,10,90,71.0,55,11.6,100.0,649
232,8649375,53,10,тийм,эзэмшдэг,тийм,Борлуулагч,Мөрөн,9,11,60,73.0,69,17.3,33.0,523
233,8136715,61,22,тийм,түрээсэлдэг,тийм,Нярав,Баянхонгор,2,13,40,100.0,55,16.3,80.4,616
234,6045198,45,15,үгүй,эзэмшилгүй,тийм,Бусад,Сайншанд,16,7,40,96.7,77,12.1,99.6,655
235,14431832,33,5,тийм,эзэмшдэг,тийм,Нярав,Арвайхээр,18,10,80,56.5,93,28.9,71.4,626
236,9901757,29,0,тийм,эзэмшдэг,үгүй,Нярав,Мөрөн,10,3,60,57.0,63,19.8,100.0,639
237,2000000,33,4,үгүй,эзэмшдэг,тийм,Инженер,Дархан,17,6,60,59.2,75,4.0,97.3,616
238,8559362,51,10,тийм,эзэмшдэг,тийм,Бусад,Мөрөн,1,9,70,91.3,74,17.1,78.0,632
239,6014640,61,29,тийм,эзэмшдэг,тийм,Нярав,Улаангом,8,18,80,100.0,45,12.0,62.5,591
240,10557300,31,10,тийм,эзэмшдэг,тийм,Хуульч,Сайншанд,16,3,100,78.6,43,21.1,59.8,593
241,5622437,24,2,тийм,түрээсэлдэг,тийм,Инженер,Улаангом,13,1,70,46.6,57,11.2,75.6,572
242,7655790,54,32,үгүй,эзэмшдэг,үгүй,Сувилагч,Улаангом,3,17,100,100.0,45,15.3,51.5,586
243,9514961,58,19,тийм,эзэмшдэг,тийм,Инженер,Дархан,16,13,90,100.0,65,19.0,76.4,646
244,10597265,24,4,тийм,эзэмшилгүй,үгүй,Эмч,Арвайхээр,16,15,70,64.7,76,21.2,53.2,570
245,4399110,58,15,тийм,түрээсэлдэг,тийм,Эмч,Улан Батор,11,10,70,98.9,66,8.8,99.1,661
246,6996496,39,1,тийм,эзэмшдэг,тийм,Нярав,Баянхонгор,19,9,90,69.0,80,14.0,99.4,664
247,6575164,26,1,үгүй,түрээсэлдэг,тийм,Бусад,Ховд,17,16,20,39.8,50,13.2,45.1,479
248,6040012,54,34,тийм,эзэмшдэг,тийм,Сувилагч,Арвайхээр,2,13,70,100.0,77,12.1,100.0,675
249,13296362,38,7,тийм,түрээсэлдэг,үгүй,Инженер,Баянхонгор,10,3,90,55.1,55,26.6,77.7,618
250,9214945,33,7,үгүй,түрээсэлдэг,үгүй,Бусад,Улаангом,17,18,80,66.6,58,18.4,100.0,653
251,4217348,61,27,үгүй,түрээсэлдэг,үгүй,Инженер,Сүхбаатар,3,1,70,100.0,82,8.4,58.6,592
252,10753585,43,14,тийм,эзэмшдэг,үгүй,Инженер,Баянхонгор,16,6,90,100.0,92,21.5,79.3,670
253,14366468,39,6,тийм,түрээсэлдэг,үгүй,Хуульч,Арвайхээр,17,8,70,49.1,54,28.7,86.9,623
254,11097395,65,5,үгүй,эзэмшдэг,тийм,Эмч,Эрдэнэт,4,18,70,62.7,65,22.2,68.5,594
255,3441890,31,8,үгүй,эзэмшдэг,тийм,Инженер,Ховд,13,15,50,62.4,95,6.9,100.0,635
256,6547297,21,0,тийм,эзэмшдэг,тийм,Хуульч,Ховд,9,15,50,41.5,80,13.1,90.7,601
257,11800733,44,7,үгүй,эзэмшдэг,тийм,Эмч,Сүхбаатар,14,17,40,64.0,95,23.6,87.1,633
258,5876991,27,6,тийм,эзэмшдэг,үгүй,Хуульч,Ховд,0,10,60,81.2,70,11.8,89.4,629
259,9331458,45,22,тийм,түрээсэлдэг,тийм,Бусад,Ховд,15,6,90,100.0,58,18.7,83.8,655
260,10323902,41,2,тийм,эзэмшилгүй,тийм,Борлуулагч,Улан Батор,10,8,90,73.3,96,20.6,59.9,612
261,5219208,35,3,тийм,эзэмшдэг,тийм,Эмч,Сайншанд,19,3,50,78.4,90,10.4,90.6,633
262,7821423,21,1,үгүй,эзэмшдэг,тийм,Техникч,Эрдэнэт,5,12,60,74.1,63,15.6,69.0,587
263,2000000,32,8,тийм,эзэмшдэг,тийм,Борлуулагч,Баянхонгор,15,3,70,73.4,97,4.0,77.3,607
264,4926837,27,5,тийм,эзэмшдэг,тийм,Бусад,Арвайхээр,1,18,90,67.1,48,9.9,100.0,640
265,7242295,35,14,үгүй,эзэмшдэг,тийм,Инженер,Мөрөн,0,1,90,95.8,62,14.5,86.8,653
266,4256650,41,20,тийм,эзэмшилгүй,тийм,Сувилагч,Мөрөн,8,8,90,100.0,43,8.5,55.0,575
267,12897233,39,2,тийм,эзэмшдэг,тийм,Бусад,Баянхонгор,11,11,90,60.2,49,25.8,74.6,612
268,3709575,49,24,тийм,эзэмшдэг,тийм,Хуульч,Ховд,16,1,80,100.0,48,7.4,55.5,571
269,6679866,45,20,тийм,эзэмшдэг,тийм,Хуульч,Сайншанд,14,5,100,91.2,58,13.4,100.0,676
270,8392221,53,13,тийм,түрээсэлдэг,тийм,Хуульч,Баянхонгор,18,4,100,96.1,54,16.8,69.6,625
271,12323819,52,11,үгүй,түрээсэлдэг,тийм,Хуульч,Арвайхээр,9,4,80,79.5,90,24.6,82.9,659
272,3692413,55,16,тийм,эзэмшилгүй,тийм,Бусад,Баянхонгор,11,19,100,88.2,73,7.4,100.0,672
273,11489491,64,38,тийм,түрээсэлдэг,тийм,Сувилагч,Эрдэнэт,13,4,50,100.0,81,23.0,62.5,612
274,8030699,58,8,үгүй,эзэмшдэг,тийм,Багш,Улаангом,8,3,60,89.2,58,16.1,78.0,615
275,5055474,46,2,үгүй,эзэмшдэг,тийм,Хуульч,Дархан,12,8,80,60.6,88,10.1,69.5,592
276,9386310,31,11,тийм,түрээсэлдэг,тийм,Багш,Сүхбаатар,2,9,90,67.8,91,18.8,100.0,678
277,8597179,55,12,тийм,эзэмшдэг,тийм,Сувилагч,Улаангом,13,15,80,74.1,95,17.2,99.0,676
278,6199349,28,1,тийм,түрээсэлдэг,үгүй,Сувилагч,Дархан,9,9,90,50.1,60,12.4,72.1,583
279,8209406,34,2,тийм,эзэмшдэг,тийм,Борлуулагч,Мөрөн,15,9,80,60.8,73,16.4,78.4,612
280,6844059,30,0,тийм,эзэмшдэг,үгүй,Эмч,Сүхбаатар,6,18,50,42.1,90,13.7,78.3,584
281,8340552,22,1,тийм,түрээсэлдэг,тийм,Техникч,Сайншанд,3,9,40,51.3,56,16.7,84.9,586
282,9986392,29,10,үгүй,түрээсэлдэг,тийм,Нярав,Ховд,19,5,60,81.1,57,20.0,100.0,656
283,12758050,23,2,тийм,түрээсэлдэг,тийм,Техникч,Баянхонгор,10,16,80,57.4,56,25.5,51.6,563
284,4286553,41,22,үгүй,эзэмшдэг,тийм,Бусад,Арвайхээр,15,4,70,92.0,41,8.6,92.0,628
285,14399100,46,26,тийм,түрээсэлдэг,тийм,Нярав,Улаангом,19,5,60,100.0,90,28.8,89.7,685
286,2143736,28,1,үгүй,эзэмшдэг,тийм,Сувилагч,Баянхонгор,3,14,90,35.7,40,4.3,68.2,539
287,7544644,22,3,үгүй,эзэмшдэг,тийм,Техникч,Эрдэнэт,16,18,100,56.1,82,15.1,88.4,641
288,9764951,26,5,үгүй,эзэмшдэг,тийм,Менежер,Эрдэнэт,12,17,30,60.0,96,19.5,88.3,620
289,8842975,48,5,тийм,эзэмшдэг,тийм,Эмч,Ховд,10,3,80,54.2,49,17.7,83.1,604
290,6131901,49,13,тийм,эзэмшдэг,тийм,Техникч,Эрдэнэт,2,7,40,97.4,76,12.3,79.1,616
291,7375633,46,3,тийм,эзэмшдэг,тийм,Эмч,Эрдэнэт,8,15,80,47.8,87,14.8,91.3,631
292,6520997,45,20,үгүй,эзэмшдэг,тийм,Багш,Ховд,5,18,70,100.0,95,13.0,39.5,570
293,6231905,32,7,тийм,эзэмшдэг,үгүй,Бусад,Баянхонгор,10,19,40,79.8,44,12.5,94.5,614
294,10548806,25,5,тийм,эзэмшдэг,үгүй,Эмч,Мөрөн,15,2,60,59.5,95,21.1,55.2,575
295,9071046,54,34,тийм,эзэмшдэг,үгүй,Багш,Эрдэнэт,18,9,80,100.0,94,18.1,94.7,690
296,5921271,57,18,тийм,эзэмшдэг,тийм,Хуульч,Мөрөн,4,1,30,100.0,51,11.8,100.0,639
297,10698799,35,13,тийм,түрээсэлдэг,үгүй,Багш,Ховд,13,3,50,94.4,75,21.4,66.1,609
298,8921898,64,19,тийм,эзэмшдэг,үгүй,Бусад,Эрдэнэт,16,5,50,100.0,70,17.8,76.1,624
299,10438586,56,24,үгүй,эзэмшдэг,тийм,Борлуулагч,Сүхбаатар,2,10,100,100.0,94,20.9,61.0,641
300,9888886,35,7,үгүй,эзэмшдэг,тийм,Хуульч,Арвайхээр,3,13,80,62.4,77,19.8,100.0,663
301,5513014,63,23,үгүй,түрээсэлдэг,үгүй,Сувилагч,Ховд,15,15,90,100.0,90,11.0,76.4,646
302,6319456,43,13,тийм,түрээсэлдэг,тийм,Инженер,Улаангом,15,18,50,91.3,48,12.6,100.0,642
303,10241880,26,1,үгүй,түрээсэлдэг,тийм,Багш,Арвайхээр,3,1,70,45.3,83,20.5,96.2,640
304,9831110,64,37,үгүй,түрээсэлдэг,тийм,Багш,Өлгий,18,16,20,100.0,65,19.7,88.6,632
305,7937295,63,22,үгүй,эзэмшдэг,тийм,Эмч,Сүхбаатар,16,8,80,100.0,54,15.9,76.0,628
306,8351982,65,21,үгүй,түрээсэлдэг,үгүй,Сувилагч,Улан Батор,12,16,70,94.0,55,16.7,97.3,661
307,11832994,41,15,тийм,түрээсэлдэг,тийм,Техникч,Эрдэнэт,0,14,80,100.0,52,23.7,58.9,607
308,6225285,43,24,үгүй,эзэмшдэг,тийм,Менежер,Мөрөн,11,6,70,100.0,64,12.5,76.3,623
309,9641292,63,18,тийм,эзэмшдэг,тийм,Нярав,Улан Батор,3,18,50,100.0,69,19.3,83.9,641
310,7393422,36,13,тийм,эзэмшдэг,тийм,Багш,Дархан,10,2,20,69.1,92,14.8,90.9,617
311,7346956,35,2,тийм,эзэмшилгүй,тийм,Техникч,Эрдэнэт,4,0,70,49.3,95,14.7,87.2,623
312,11296330,45,9,үгүй,түрээсэлдэг,тийм,Менежер,Өлгий,1,3,70,74.5,46,22.6,54.4,567
313,10476249,56,18,үгүй,түрээсэлдэг,үгүй,Нярав,Ховд,16,17,50,100.0,96,21.0,75.1,641
314,10440528,31,8,үгүй,эзэмшдэг,тийм,Инженер,Сайншанд,7,7,80,72.4,94,20.9,53.8,593
315,11916436,35,12,үгүй,эзэмшдэг,тийм,Эмч,Ховд,5,18,60,72.5,91,23.8,61.1,599
316,8063011,24,5,тийм,эзэмшдэг,тийм,Техникч,Өлгий,8,5,70,68.0,43,16.1,90.9,619
317,10045858,41,8,тийм,эзэмшдэг,тийм,Эмч,Мөрөн,12,0,50,87.1,82,20.1,88.7,648
318,7069199,33,10,тийм,түрээсэлдэг,үгүй,Нярав,Ховд,10,7,60,91.0,79,14.1,87.0,642
319,8972499,42,22,тийм,түрээсэлдэг,үгүй,Борлуулагч,Баянхонгор,15,0,60,100.0,77,17.9,99.5,679
320,7609570,39,18,тийм,эзэмшдэг,үгүй,Багш,Улаангом,15,18,80,100.0,96,15.2,65.0,629
321,8290987,54,13,тийм,түрээсэлдэг,тийм,Хуульч,Ховд,1,10,60,66.3,69,16.6,53.5,556
322,9785471,34,7,тийм,эзэмшдэг,тийм,Менежер,Эрдэнэт,9,14,50,71.3,49,19.6,83.9,607
323,5545337,24,5,үгүй,эзэмшилгүй,тийм,Сувилагч,Улан Батор,11,10,70,66.8,69,11.1,79.8,603
324,14277161,47,20,тийм,эзэмшдэг,тийм,Бусад,Улан Батор,7,18,100,100.0,78,28.6,77.4,676
325,4981947,49,28,үгүй,эзэмшдэг,үгүй,Багш,Мөрөн,10,9,70,100.0,46,10.0,83.8,624
326,4357434,48,3,үгүй,эзэмшдэг,үгүй,Хуульч,Ховд,9,11,40,57.2,75,8.7,80.8,580
327,11474332,55,16,тийм,эзэмшдэг,үгүй,Бусад,Өлгий,12,0,50,94.3,74,22.9,62.5,604
328,10374988,28,8,тийм,эзэмшдэг,үгүй,Техникч,Сүхбаатар,16,6,70,84.4,63,20.7,83.4,637
329,9872359,36,0,тийм,түрээсэлдэг,үгүй,Бусад,Мөрөн,6,16,90,45.9,78,19.7,63.0,584
330,9885036,62,24,тийм,түрээсэлдэг,тийм,Инженер,Баянхонгор,2,9,40,100.0,75,19.8,73.5,619
331,7963259,56,13,үгүй,түрээсэлдэг,тийм,Багш,Ховд,19,5,70,98.0,84,15.9,60.2,607
332,5308236,50,10,тийм,эзэмшдэг,тийм,Эмч,Сайншанд,12,16,80,69.9,59,10.6,91.7,628
333,8227413,38,2,тийм,түрээсэлдэг,тийм,Борлуулагч,Мөрөн,18,17,70,44.8,88,16.5,100.0,643
334,5968514,22,0,тийм,эзэмшдэг,тийм,Сувилагч,Сайншанд,6,4,40,63.6,71,11.9,90.2,606
335,10925359,33,10,үгүй,эзэмшдэг,тийм,Эмч,Мөрөн,8,17,90,74.1,98,21.9,61.7,619
336,7558827,24,5,үгүй,түрээсэлдэг,үгүй,Хуульч,Улаангом,18,16,70,71.9,78,15.1,100.0,658
337,5523508,46,8,үгүй,түрээсэлдэг,тийм,Багш,Арвайхээр,12,15,90,56.2,88,11.0,98.6,652
338,7035842,45,3,тийм,эзэмшдэг,үгүй,Борлуулагч,Эрдэнэт,7,7,60,34.0,65,14.1,75.3,564
339,9238794,50,26,үгүй,эзэмшдэг,үгүй,Бусад,Улаангом,17,12,90,100.0,65,18.5,100.0,690
340,6308826,31,3,үгүй,эзэмшилгүй,тийм,Багш,Улан Батор,1,15,80,57.7,75,12.6,81.7,611
341,5533338,27,7,үгүй,эзэмшдэг,тийм,Бусад,Улан Батор,17,10,50,74.7,82,11.1,57.0,562
342,8731061,51,1,үгүй,эзэмшдэг,тийм,Техникч,Сүхбаатар,17,5,80,71.7,74,17.5,73.6,614
343,8734899,64,40,тийм,түрээсэлдэг,үгүй,Инженер,Дархан,10,2,70,100.0,82,17.5,100.0,687
344,6479170,30,5,үгүй,эзэмшдэг,үгүй,Нярав,Дархан,0,0,60,65.4,74,13.0,62.6,569
345,6586885,59,40,үгүй,эзэмшдэг,үгүй,Багш,Сүхбаатар,13,17,70,100.0,51,13.2,70.0,605
346,8696149,33,7,тийм,эзэмшдэг,тийм,Хуульч,Сайншанд,15,4,40,60.1,72,17.4,90.5,614
347,3655746,51,15,тийм,түрээсэлдэг,тийм,Бусад,Өлгий,10,12,70,89.2,75,7.3,82.3,623
348,3777608,27,0,үгүй,түрээсэлдэг,тийм,Эмч,Улан Батор,0,9,70,32.3,53,7.6,78.3,557
349,5844667,62,29,тийм,түрээсэлдэг,үгүй,Техникч,Арвайхээр,6,4,70,100.0,72,11.7,81.1,635
350,7359658,62,11,тийм,эзэмшилгүй,тийм,Хуульч,Улаангом,15,13,80,61.0,85,14.7,76.6,612
351,8932722,56,34,үгүй,түрээсэлдэг,тийм,Сувилагч,Ховд,13,16,70,100.0,84,17.9,53.7,599
352,12426068,40,10,тийм,эзэмшдэг,тийм,Нярав,Арвайхээр,14,0,60,66.8,84,24.9,83.2,635
353,10572978,24,5,тийм,эзэмшдэг,тийм,Техникч,Баянхонгор,13,1,70,54.5,63,21.1,91.1,628
354,7520184,27,1,тийм,түрээсэлдэг,тийм,Инженер,Сайншанд,10,6,70,63.6,54,15.0,93.0,624
355,7942951,21,0,тийм,түрээсэлдэг,тийм,Нярав,Сүхбаатар,15,9,70,42.6,70,15.9,62.9,559
356,4992411,64,20,тийм,түрээсэлдэг,тийм,Бусад,Дархан,18,19,80,100.0,56,10.0,66.2,601
357,7944460,65,4,тийм,түрээсэлдэг,тийм,Хуульч,Ховд,16,6,50,75.8,51,15.9,80.7,599
358,7134024,62,19,үгүй,эзэмшдэг,үгүй,Сувилагч,Арвайхээр,5,15,60,100.0,61,14.3,100.0,665
359,8968155,33,4,тийм,эзэмшдэг,үгүй,Менежер,Сүхбаатар,10,4,100,70.9,62,17.9,84.7,640
360,5518307,42,2,үгүй,эзэмшдэг,тийм,Инженер,Арвайхээр,16,11,80,56.8,65,11.0,80.6,599
361,9558039,41,11,үгүй,эзэмшдэг,үгүй,Борлуулагч,Баянхонгор,8,16,50,84.3,53,19.1,93.3,637
362,12598216,42,0,тийм,эзэмшдэг,тийм,Бусад,Арвайхээр,17,15,70,43.7,51,25.2,86.3,610
363,7673719,48,20,үгүй,түрээсэлдэг,тийм,Менежер,Арвайхээр,16,19,90,100.0,89,15.3,91.8,683
364,9205135,29,8,тийм,түрээсэлдэг,үгүй,Багш,Арвайхээр,11,15,90,81.4,43,18.4,89.9,643
365,10070431,46,8,тийм,эзэмшдэг,үгүй,Сувилагч,Дархан,4,18,80,79.2,98,20.1,61.8,615
366,6796338,29,3,тийм,эзэмшдэг,үгүй,Эмч,Улан Батор,10,14,80,66.7,85,13.6,63.8,590
367,8672277,35,2,үгүй,эзэмшдэг,тийм,Борлуулагч,Мөрөн,3,11,50,49.2,90,17.3,85.8,611
368,8037777,30,0,тийм,эзэмшдэг,тийм,Хуульч,Сайншанд,3,9,70,59.3,52,16.1,100.0,635
369,8293028,44,1,тийм,түрээсэлдэг,үгүй,Сувилагч,Арвайхээр,2,1,30,68.6,96,16.6,58.2,565
370,5680970,62,23,үгүй,түрээсэлдэг,тийм,Нярав,Арвайхээр,16,6,50,100.0,94,11.4,97.3,667
371,8073530,28,0,тийм,түрээсэлдэг,тийм,Техникч,Эрдэнэт,6,12,70,55.4,57,16.1,100.0,634
372,9493994,44,7,тийм,түрээсэлдэг,үгүй,Нярав,Улан Батор,3,2,40,71.6,82,19.0,70.0,592
373,12353430,36,12,тийм,түрээсэлдэг,үгүй,Нярав,Мөрөн,12,14,60,80.8,67,24.7,77.7,626
374,10877812,46,22,үгүй,эзэмшдэг,үгүй,Багш,Ховд,11,0,80,100.0,77,21.8,71.8,643
375,14459547,47,14,үгүй,эзэмшдэг,тийм,Инженер,Ховд,0,2,90,100.0,80,28.9,61.7,642
376,5697957,57,11,тийм,эзэмшдэг,үгүй,Эмч,Ховд,18,9,70,85.1,83,11.4,60.7,590
377,10616961,24,5,тийм,эзэмшилгүй,тийм,Борлуулагч,Сүхбаатар,19,14,80,62.9,58,21.2,76.5,610
378,8550026,44,11,тийм,эзэмшдэг,тийм,Инженер,Баянхонгор,17,5,60,88.4,85,17.1,60.9,598
379,14569408,39,13,үгүй,эзэмшдэг,тийм,Сувилагч,Улаангом,10,19,40,87.7,86,29.1,48.3,582
380,5575105,56,14,тийм,түрээсэлдэг,тийм,Нярав,Эрдэнэт,19,14,80,85.0,82,11.2,70.3,612
381,5480834,59,40,тийм,эзэмшилгүй,тийм,Багш,Улан Батор,2,6,70,100.0,77,11.0,84.7,644
382,6201822,30,2,тийм,түрээсэлдэг,тийм,Сувилагч,Улан Батор,16,4,80,55.7,85,12.4,80.2,611
383,2000000,45,25,тийм,эзэмшдэг,тийм,Техникч,Баянхонгор,11,3,40,100.0,42,4.0,100.0,626
384,6422734,38,19,тийм,эзэмшдэг,тийм,Эмч,Ховд,9,17,90,100.0,58,12.8,81.6,642
385,5722602,39,7,тийм,эзэмшдэг,тийм,Борлуулагч,Өлгий,7,2,20,58.4,59,11.4,94.0,591
386,8451181,56,20,тийм,эзэмшдэг,тийм,Техникч,Дархан,14,16,70,93.5,64,16.9,60.4,594
387,9025267,30,2,үгүй,эзэмшдэг,тийм,Багш,Ховд,4,17,40,60.7,50,18.1,91.5,605
388,13628512,53,19,тийм,эзэмшдэг,үгүй,Эмч,Баянхонгор,3,17,90,100.0,95,27.3,72.1,668
389,10851271,25,0,үгүй,эзэмшилгүй,үгүй,Сувилагч,Мөрөн,19,1,60,60.4,56,21.7,91.1,624
390,6269289,55,28,тийм,эзэмшдэг,тийм,Нярав,Сайншанд,18,12,90,100.0,99,12.5,68.4,638
391,5304755,64,3,үгүй,түрээсэлдэг,үгүй,Нярав,Ховд,3,14,100,56.0,98,10.6,95.5,656
392,9475757,54,6,үгүй,түрээсэлдэг,тийм,Бусад,Баянхонгор,14,4,100,61.8,88,19.0,60.4,601
393,4039300,53,27,тийм,эзэмшдэг,тийм,Нярав,Баянхонгор,16,2,60,100.0,94,8.1,40.8,558
394,13494376,41,3,тийм,түрээсэлдэг,үгүй,Менежер,Улаангом,11,4,60,59.1,74,27.0,76.8,614
395,11538320,37,11,үгүй,эзэмшдэг,тийм,Нярав,Эрдэнэт,2,4,60,68.1,53,23.1,82.0,614
396,6592473,42,12,тийм,эзэмшдэг,үгүй,Менежер,Баянхонгор,9,4,80,88.2,98,13.2,72.3,631
397,2860596,57,2,үгүй,түрээсэлдэг,тийм,Хуульч,Арвайхээр,14,2,70,63.2,78,5.7,100.0,635
398,12061617,35,11,тийм,эзэмшдэг,үгүй,Менежер,Сүхбаатар,9,2,70,85.7,96,24.1,96.6,687
399,7656380,55,1,үгүй,эзэмшилгүй,тийм,Эмч,Ховд,17,19,60,56.9,58,15.3,61.5,555
400,11713448,48,23,тийм,эзэмшдэг,тийм,Техникч,Баянхонгор,0,17,30,100.0,42,23.4,35.1,528
401,3216717,27,1,үгүй,түрээсэлдэг,тийм,Эмч,Улаангом,2,19,100,52.7,73,6.4,81.4,606
402,6201874,52,26,үгүй,эзэмшдэг,үгүй,Техникч,Дархан,11,3,70,100.0,97,12.4,95.4,678
403,8015731,31,6,үгүй,эзэмшдэг,тийм,Бусад,Ховд,0,0,60,61.9,88,16.0,74.1,601
404,8140941,30,8,тийм,эзэмшдэг,үгүй,Хуульч,Өлгий,2,15,60,68.1,80,16.3,80.4,614
405,6649803,29,0,үгүй,түрээсэлдэг,тийм,Техникч,Улан Батор,2,7,70,39.6,61,13.3,81.3,583
406,9868549,34,7,тийм,түрээсэлдэг,тийм,Техникч,Дархан,4,16,70,78.8,77,19.7,69.8,612
407,4797138,33,6,үгүй,түрээсэлдэг,тийм,Багш,Өлгий,18,7,70,73.3,95,9.6,89.3,639
408,7572861,45,5,тийм,эзэмшдэг,тийм,Инженер,Ховд,0,6,80,48.3,66,15.1,99.6,636
409,8360886,22,1,үгүй,түрээсэлдэг,үгүй,Инженер,Дархан,3,7,80,44.7,60,16.7,72.4,580
410,9543316,55,21,тийм,түрээсэлдэг,тийм,Багш,Улаангом,3,11,60,100.0,80,19.1,73.1,631
411,10134844,27,8,үгүй,түрээсэлдэг,тийм,Нярав,Өлгий,16,15,80,77.2,70,20.3,74.0,622
412,4626073,41,17,үгүй,эзэмшдэг,тийм,Багш,Сайншанд,13,11,60,100.0,66,9.3,36.6,537
413,3397657,38,16,үгүй,түрээсэлдэг,тийм,Техникч,Улан Батор,17,18,60,100.0,76,6.8,80.1,622
414,11833030,23,4,тийм,түрээсэлдэг,үгүй,Техникч,Арвайхээр,0,9,60,55.0,41,23.7,76.8,587
415,8996942,62,11,тийм,эзэмшдэг,тийм,Багш,Улаангом,15,6,60,79.8,93,18.0,95.1,662
416,5754540,59,5,үгүй,түрээсэлдэг,тийм,Багш,Мөрөн,2,11,60,51.1,86,11.5,87.1,609
417,12653455,61,25,тийм,түрээсэлдэг,үгүй,Нярав,Сайншанд,8,19,80,100.0,48,25.3,96.1,679
418,8347023,31,10,тийм,эзэмшдэг,үгүй,Эмч,Сайншанд,3,4,80,88.5,58,16.7,62.1,595
419,11537891,59,7,үгүй,эзэмшдэг,тийм,Хуульч,Улан Батор,4,15,60,85.4,81,23.1,84.7,649
420,8202555,44,18,үгүй,эзэмшдэг,тийм,Сувилагч,Эрдэнэт,10,8,60,96.9,75,16.4,67.1,610
421,14182243,39,9,тийм,түрээсэлдэг,тийм,Техникч,Ховд,8,6,30,77.5,49,28.4,77.1,602
422,13266022,24,0,үгүй,түрээсэлдэг,тийм,Хуульч,Баянхонгор,2,19,70,57.2,98,26.5,70.4,618
423,7253107,46,24,үгүй,эзэмшдэг,үгүй,Багш,Эрдэнэт,5,13,80,100.0,79,14.5,79.5,646
424,10914712,58,28,тийм,түрээсэлдэг,тийм,Нярав,Сүхбаатар,10,10,80,100.0,93,21.8,65.6,640
425,9936127,62,34,үгүй,түрээсэлдэг,тийм,Менежер,Баянхонгор,8,6,90,100.0,84,19.9,91.3,686
426,12105894,52,13,тийм,эзэмшдэг,тийм,Нярав,Арвайхээр,14,9,100,79.4,78,24.2,85.0,666
427,5105229,59,34,тийм,түрээсэлдэг,тийм,Борлуулагч,Мөрөн,2,8,70,100.0,46,10.2,65.0,588
428,10058154,65,44,тийм,эзэмшилгүй,тийм,Борлуулагч,Мөрөн,0,3,80,100.0,43,20.1,86.2,649
429,11175273,56,19,тийм,түрээсэлдэг,тийм,Хуульч,Ховд,19,15,80,87.1,54,22.4,85.6,647
430,2723781,60,12,үгүй,түрээсэлдэг,тийм,Инженер,Өлгий,18,9,90,86.8,51,5.4,96.4,643
431,4450224,57,37,тийм,эзэмшилгүй,тийм,Борлуулагч,Ховд,13,18,100,100.0,87,8.9,78.2,650
432,2000000,53,7,тийм,түрээсэлдэг,тийм,Борлуулагч,Сайншанд,16,16,60,72.8,45,4.0,84.8,587
433,7191779,56,19,тийм,эзэмшдэг,тийм,Эмч,Баянхонгор,13,8,90,100.0,99,14.4,67.3,639
434,10152626,23,3,тийм,түрээсэлдэг,тийм,Менежер,Сайншанд,16,12,60,54.4,48,20.3,59.3,551
435,12507071,29,0,тийм,түрээсэлдэг,тийм,Эмч,Эрдэнэт,13,0,40,44.8,74,25.0,79.6,594
436,8222284,28,9,тийм,түрээсэлдэг,тийм,Менежер,Сайншанд,11,1,90,72.0,47,16.4,100.0,654
437,12885846,53,20,тийм,эзэмшдэг,тийм,Бусад,Сүхбаатар,15,12,70,100.0,46,25.8,66.3,616
438,3859695,26,4,үгүй,түрээсэлдэг,тийм,Сувилагч,Мөрөн,0,8,80,53.7,43,7.7,80.8,580
439,2889852,61,41,тийм,эзэмшдэг,тийм,Техникч,Эрдэнэт,12,6,50,100.0,97,5.8,79.2,625
440,7833356,59,40,тийм,эзэмшилгүй,үгүй,Борлуулагч,Улан Батор,5,15,70,100.0,52,15.7,86.3,641
441,9152196,24,0,тийм,эзэмшдэг,үгүй,Техникч,Арвайхээр,16,18,90,53.1,58,18.3,75.0,599
442,7901915,33,7,үгүй,эзэмшдэг,үгүй,Борлуулагч,Дархан,11,6,90,71.3,46,15.8,74.2,602
443,2000000,22,0,тийм,эзэмшдэг,тийм,Эмч,Баянхонгор,18,5,70,69.4,49,4.0,59.3,543
444,7732639,25,0,тийм,эзэмшдэг,үгүй,Сувилагч,Баянхонгор,5,17,80,40.7,64,15.5,100.0,630
445,4086591,64,40,тийм,түрээсэлдэг,тийм,Эмч,Дархан,6,18,60,100.0,83,8.2,79.5,627
446,10009017,47,16,үгүй,эзэмшилгүй,тийм,Эмч,Баянхонгор,0,10,50,95.4,97,20.0,61.4,610
447,9099794,52,23,тийм,түрээсэлдэг,тийм,Менежер,Ховд,0,11,70,100.0,74,18.2,51.0,589
448,5180360,41,20,үгүй,эзэмшдэг,үгүй,Инженер,Сайншанд,4,9,80,100.0,97,10.4,70.3,632
449,6458399,28,2,тийм,эзэмшдэг,тийм,Нярав,Арвайхээр,5,12,60,51.2,64,12.9,86.4,598
450,4822359,58,38,тийм,түрээсэлдэг,тийм,Хуульч,Улан Батор,15,11,90,100.0,68,9.6,100.0,677
451,7811962,28,6,үгүй,эзэмшилгүй,үгүй,Техникч,Арвайхээр,15,9,60,59.1,95,15.6,88.1,629
452,10865426,23,0,тийм,эзэмшдэг,үгүй,Бусад,Өлгий,13,19,80,28.9,51,21.7,57.9,543
453,5042821,64,38,үгүй,эзэмшдэг,тийм,Борлуулагч,Баянхонгор,0,17,70,100.0,90,10.1,79.7,640
454,9512139,23,4,үгүй,эзэмшдэг,тийм,Эмч,Баянхонгор,12,3,70,67.8,86,19.0,84.2,635
455,6409227,42,10,үгүй,түрээсэлдэг,тийм,Инженер,Дархан,19,4,90,95.8,79,12.8,83.8,654
456,5621381,26,5,тийм,түрээсэлдэг,үгүй,Эмч,Баянхонгор,9,4,80,69.1,51,11.2,65.3,573
457,7678908,22,2,үгүй,эзэмшдэг,тийм,Сувилагч,Өлгий,9,11,80,62.6,91,15.4,68.0,601
458,4894273,43,10,тийм,эзэмшдэг,тийм,Менежер,Баянхонгор,8,2,60,79.2,45,9.8,74.2,582
459,6339052,64,12,үгүй,түрээсэлдэг,үгүй,Бусад,Арвайхээр,12,7,70,90.6,99,12.7,58.4,601
460,4406366,22,2,үгүй,эзэмшдэг,тийм,Нярав,Улаангом,2,1,80,66.9,49,8.8,78.9,592
461,13894175,58,0,үгүй,эзэмшдэг,тийм,Сувилагч,Баянхонгор,17,17,80,51.8,41,27.8,91.6,631
462,8105790,37,7,тийм,түрээсэлдэг,тийм,Багш,Ховд,19,8,70,65.8,95,16.2,92.6,650
463,5900823,55,18,тийм,эзэмшдэг,тийм,Бусад,Ховд,1,12,80,100.0,84,11.8,88.6,662
464,8641939,54,11,тийм,эзэмшдэг,тийм,Эмч,Мөрөн,16,6,70,90.5,64,17.3,62.5,597
465,7663015,43,7,үгүй,түрээсэлдэг,тийм,Сувилагч,Ховд,18,9,60,66.1,46,15.3,80.7,593
466,7337091,50,7,тийм,түрээсэлдэг,тийм,Нярав,Баянхонгор,12,8,80,79.9,79,14.7,89.6,650
467,9842500,28,4,тийм,түрээсэлдэг,тийм,Инженер,Баянхонгор,12,14,80,81.1,62,19.7,92.0,654
468,10272523,42,12,үгүй,түрээсэлдэг,тийм,Инженер,Сүхбаатар,0,4,90,95.0,87,20.5,65.8,636
469,6408496,64,11,тийм,түрээсэлдэг,үгүй,Техникч,Баянхонгор,1,11,70,90.5,50,12.8,67.5,591
470,6272545,56,32,тийм,түрээсэлдэг,үгүй,Нярав,Улаангом,0,0,70,100.0,97,12.5,76.1,641
471,7174844,25,4,тийм,эзэмшдэг,тийм,Инженер,Ховд,4,11,70,54.2,75,14.3,100.0,640
472,2000000,33,9,тийм,түрээсэлдэг,тийм,Сувилагч,Эрдэнэт,2,5,60,68.3,88,4.0,89.5,616
473,3454426,49,6,тийм,эзэмшилгүй,тийм,Техникч,Баянхонгор,6,18,70,59.2,87,6.9,70.8,582
474,12100622,51,27,тийм,эзэмшдэг,үгүй,Инженер,Баянхонгор,12,18,80,100.0,90,24.2,77.5,665
475,12934903,36,4,тийм,эзэмшдэг,тийм,Бусад,Сайншанд,17,15,70,58.1,62,25.9,72.6,603
476,7252891,62,7,тийм,эзэмшдэг,үгүй,Менежер,Улан Батор,6,18,60,70.7,98,14.5,100.0,661
477,9729670,50,24,үгүй,эзэмшдэг,тийм,Багш,Улан Батор,0,2,40,100.0,82,19.5,64.0,604
478,8933750,36,13,тийм,эзэмшдэг,үгүй,Нярав,Дархан,4,9,70,80.6,46,17.9,93.6,639
479,17236642,32,6,тийм,түрээсэлдэг,үгүй,Сувилагч,Баянхонгор,16,17,70,63.0,66,34.5,79.4,636
480,11358724,37,12,үгүй,эзэмшилгүй,үгүй,Борлуулагч,Улаангом,7,12,70,89.2,52,22.7,88.9,649
481,7616247,36,14,тийм,эзэмшдэг,тийм,Эмч,Өлгий,14,17,70,89.1,90,15.2,81.9,644
482,5133378,32,6,тийм,эзэмшдэг,тийм,Сувилагч,Эрдэнэт,19,2,50,66.0,56,10.3,61.4,547
483,3180661,28,0,үгүй,эзэмшдэг,тийм,Инженер,Баянхонгор,3,2,60,39.7,71,6.4,60.4,531
484,8610390,40,14,үгүй,түрээсэлдэг,тийм,Сувилагч,Сайншанд,1,11,90,90.2,65,17.2,100.0,680
485,5730947,23,3,үгүй,эзэмшдэг,тийм,Борлуулагч,Арвайхээр,4,19,70,75.5,96,11.5,99.8,664
486,3733238,36,17,үгүй,эзэмшдэг,тийм,Эмч,Ховд,0,6,60,96.5,99,7.5,81.9,636
487,6060281,50,17,үгүй,эзэмшдэг,тийм,Техникч,Ховд,4,7,80,89.5,61,12.1,100.0,663
488,4755355,65,1,тийм,эзэмшдэг,тийм,Инженер,Өлгий,5,8,80,62.6,52,9.5,81.9,597
489,13061424,43,3,үгүй,эзэмшдэг,тийм,Хуульч,Мөрөн,1,13,90,64.2,51,26.1,100.0,666
490,10644919,48,29,тийм,түрээсэлдэг,тийм,Инженер,Арвайхээр,0,4,60,100.0,46,21.3,75.7,621
491,7976082,60,32,үгүй,түрээсэлдэг,үгүй,Багш,Ховд,3,18,90,100.0,40,16.0,93.7,660
492,12439832,25,6,тийм,түрээсэлдэг,тийм,Хуульч,Өлгий,6,15,70,56.2,72,24.9,68.2,596
493,8232104,40,3,тийм,эзэмшдэг,тийм,Багш,Баянхонгор,0,11,80,43.6,91,16.5,77.6,606
494,5416147,60,17,тийм,түрээсэлдэг,тийм,Борлуулагч,Ховд,0,3,100,100.0,94,10.8,57.0,616
495,12569372,64,36,үгүй,түрээсэлдэг,үгүй,Нярав,Улаангом,7,7,90,100.0,53,25.1,99.1,693
496,9616730,21,2,тийм,эзэмшдэг,тийм,Эмч,Баянхонгор,19,6,90,60.7,98,19.2,36.7,555
497,4888261,50,14,үгүй,түрээсэлдэг,тийм,Менежер,Дархан,15,14,70,100.0,86,9.8,79.0,636
498,7428983,41,7,үгүй,эзэмшдэг,тийм,Техникч,Мөрөн,12,5,70,66.6,82,14.9,30.1,520
499,5373145,40,19,тийм,түрээсэлдэг,тийм,Менежер,Улаангом,17,4,60,100.0,95,10.7,62.5,605
500,3851600,26,0,үгүй,эзэмшдэг,тийм,Бусад,Арвайхээр,19,13,70,51.1,97,7.7,82.6,605
501,10778532,42,0,үгүй,эзэмшилгүй,үгүй,Бусад,Өлгий,9,12,70,47.7,80,21.6,95.8,641
502,13728249,38,11,үгүй,эзэмшдэг,үгүй,Борлуулагч,Сайншанд,11,9,60,88.0,56,27.5,75.9,627
503,3804297,28,9,тийм,түрээсэлдэг,тийм,Нярав,Эрдэнэт,0,17,60,70.6,43,7.6,57.5,538
504,9688907,59,14,тийм,түрээсэлдэг,тийм,Бусад,Арвайхээр,9,3,70,78.1,91,19.4,96.0,669
505,6048072,52,1,тийм,түрээсэлдэг,тийм,Инженер,Арвайхээр,8,7,90,35.1,90,12.1,85.3,612
506,6538623,53,28,тийм,эзэмшдэг,тийм,Сувилагч,Ховд,2,10,80,100.0,78,13.1,85.6,655
507,6222818,36,8,үгүй,эзэмшдэг,тийм,Багш,Эрдэнэт,18,16,100,68.7,40,12.4,72.0,592
508,5408027,32,9,тийм,түрээсэлдэг,тийм,Бусад,Улан Батор,8,17,70,65.3,80,10.8,70.1,589
509,8145564,58,1,үгүй,эзэмшдэг,үгүй,Борлуулагч,Ховд,9,10,70,46.8,84,16.3,67.6,580
510,5507149,54,10,тийм,эзэмшдэг,үгүй,Багш,Өлгий,18,15,90,99.5,63,11.0,70.7,620
511,8811370,34,12,тийм,түрээсэлдэг,тийм,Инженер,Улан Батор,15,11,80,74.9,73,17.6,91.2,650
512,7849285,56,9,үгүй,түрээсэлдэг,тийм,Нярав,Ховд,17,12,60,84.3,73,15.7,93.2,647
513,7283155,53,13,үгүй,эзэмшдэг,тийм,Эмч,Баянхонгор,13,15,80,93.2,63,14.6,85.8,644
514,5277309,43,17,тийм,эзэмшдэг,тийм,Менежер,Сайншанд,2,0,50,100.0,98,10.6,49.4,576
515,6269686,65,8,тийм,эзэмшдэг,тийм,Инженер,Ховд,1,15,60,72.8,54,12.5,78.9,595
516,10266173,22,0,тийм,түрээсэлдэг,тийм,Техникч,Арвайхээр,0,14,70,34.4,56,20.5,63.2,553
517,9502751,61,38,тийм,түрээсэлдэг,үгүй,Хуульч,Ховд,17,5,70,100.0,52,19.0,65.5,607
518,5067334,41,2,тийм,түрээсэлдэг,үгүй,Борлуулагч,Баянхонгор,8,11,60,53.5,46,10.1,77.8,568
519,8297996,22,3,тийм,эзэмшилгүй,тийм,Менежер,Эрдэнэт,12,7,70,71.7,48,16.6,60.0,567
520,10254161,47,5,тийм,эзэмшдэг,тийм,Техникч,Баянхонгор,1,6,80,73.2,83,20.5,69.4,617
521,2991784,29,10,үгүй,эзэмшдэг,тийм,Эмч,Улан Батор,6,1,40,90.0,74,6.0,78.1,597
522,9630080,21,0,тийм,эзэмшдэг,тийм,Техникч,Эрдэнэт,15,11,90,73.7,62,19.3,58.8,589
523,6012128,31,1,тийм,эзэмшдэг,тийм,Нярав,Ховд,18,13,70,55.8,93,12.0,95.4,639
524,9711796,23,4,тийм,эзэмшилгүй,тийм,Хуульч,Сайншанд,14,15,80,76.4,86,19.4,100.0,678
525,5710222,43,5,үгүй,түрээсэлдэг,тийм,Багш,Арвайхээр,10,10,60,61.0,78,11.4,60.1,560
526,2585353,46,2,үгүй,эзэмшдэг,тийм,Менежер,Улаангом,0,19,80,61.4,62,5.2,65.7,563
527,3117372,24,5,тийм,эзэмшдэг,үгүй,Хуульч,Ховд,6,8,70,60.0,65,6.2,47.1,524
528,8144254,38,7,үгүй,түрээсэлдэг,тийм,Сувилагч,Улан Батор,19,9,80,75.8,40,16.3,70.5,591
529,8779167,26,1,тийм,түрээсэлдэг,тийм,Инженер,Сайншанд,7,16,80,56.7,53,17.6,99.6,640
530,5287050,55,16,тийм,эзэмшдэг,тийм,Сувилагч,Улан Батор,9,11,70,77.4,71,10.6,95.8,643
531,9915777,42,8,тийм,эзэмшилгүй,тийм,Инженер,Өлгий,4,5,70,67.9,90,19.8,71.2,613
532,3015439,63,11,тийм,түрээсэлдэг,тийм,Нярав,Улан Батор,8,18,60,85.3,87,6.0,98.3,650
533,7801760,35,2,үгүй,эзэмшдэг,үгүй,Хуульч,Баянхонгор,0,10,60,33.4,49,15.6,100.0,605
534,4366951,42,10,үгүй,түрээсэлдэг,үгүй,Эмч,Ховд,1,8,80,79.0,40,8.7,100.0,638
535,6044491,57,0,тийм,эзэмшдэг,тийм,Бусад,Сайншанд,18,5,80,60.1,44,12.1,67.2,567
536,8142196,62,14,үгүй,эзэмшилгүй,тийм,Техникч,Сүхбаатар,13,15,60,100.0,42,16.3,68.2,596
537,5418759,32,9,тийм,эзэмшилгүй,тийм,Бусад,Улан Батор,19,19,80,69.2,88,10.8,83.9,628
538,6846333,62,36,тийм,түрээсэлдэг,тийм,Хуульч,Улан Батор,9,15,80,100.0,89,13.7,55.8,605
539,11018878,58,20,тийм,түрээсэлдэг,үгүй,Сувилагч,Эрдэнэт,8,5,20,100.0,97,22.0,81.8,640
540,6269324,38,16,тийм,эзэмшдэг,тийм,Бусад,Сайншанд,9,4,70,76.5,92,12.5,72.3,612
541,10507076,65,30,тийм,эзэмшилгүй,тийм,Борлуулагч,Сүхбаатар,5,3,70,100.0,66,21.0,78.9,643
542,4610879,55,24,тийм,түрээсэлдэг,тийм,Бусад,Баянхонгор,16,1,60,100.0,90,9.2,87.6,648
543,9589412,50,22,тийм,түрээсэлдэг,тийм,Инженер,Арвайхээр,5,5,90,100.0,93,19.2,83.5,675
544,12324705,44,23,тийм,эзэмшилгүй,үгүй,Борлуулагч,Дархан,3,8,60,100.0,96,24.6,60.8,626
545,2000000,62,37,үгүй,эзэмшилгүй,тийм,Менежер,Сайншанд,19,16,60,100.0,61,4.0,92.6,633
546,5609314,50,27,тийм,түрээсэлдэг,үгүй,Бусад,Сүхбаатар,2,13,60,100.0,57,11.2,61.8,584
547,9731216,34,4,үгүй,эзэмшдэг,тийм,Борлуулагч,Улан Батор,18,6,70,46.0,55,19.5,65.1,564
548,7390863,26,5,тийм,эзэмшилгүй,үгүй,Хуульч,Баянхонгор,17,18,70,58.5,41,14.8,69.4,567
549,9113437,23,2,үгүй,түрээсэлдэг,тийм,Техникч,Арвайхээр,3,0,80,71.8,86,18.2,90.2,654
550,6188044,36,17,үгүй,эзэмшилгүй,тийм,Менежер,Мөрөн,7,19,80,100.0,52,12.4,92.7,653
551,8259769,27,3,үгүй,түрээсэлдэг,үгүй,Эмч,Өлгий,16,14,80,82.2,84,16.5,99.2,676
552,7532968,34,2,тийм,эзэмшдэг,тийм,Эмч,Сайншанд,4,17,80,41.6,55,15.1,69.5,567
553,11503346,29,6,үгүй,эзэмшдэг,тийм,Нярав,Сүхбаатар,12,2,70,78.4,47,23.0,84.5,629
554,8763262,35,8,тийм,түрээсэлдэг,тийм,Бусад,Эрдэнэт,0,17,100,81.5,82,17.5,78.9,648
555,9012807,41,20,тийм,түрээсэлдэг,үгүй,Техникч,Өлгий,12,1,60,100.0,47,18.0,75.8,617
556,6764369,55,29,тийм,эзэмшдэг,тийм,Багш,Улаангом,3,9,70,100.0,93,13.5,91.8,671
557,6537181,22,3,тийм,түрээсэлдэг,үгүй,Борлуулагч,Улан Батор,13,10,40,60.4,49,13.1,75.3,565
558,6702325,47,11,тийм,эзэмшдэг,тийм,Менежер,Сүхбаатар,2,2,60,87.6,94,13.4,87.7,647
559,9183356,22,1,үгүй,түрээсэлдэг,тийм,Хуульч,Ховд,4,6,90,59.8,72,18.4,80.3,623
560,6737046,55,31,үгүй,эзэмшдэг,үгүй,Бусад,Баянхонгор,6,7,60,100.0,70,13.5,77.2,624
561,8869324,38,2,тийм,эзэмшдэг,тийм,Хуульч,Эрдэнэт,0,18,40,56.9,51,17.7,84.3,588
562,14226202,34,2,үгүй,эзэмшдэг,үгүй,Багш,Өлгий,11,17,70,73.8,48,28.5,74.1,615
563,10613374,40,11,тийм,эзэмшдэг,үгүй,Нярав,Улан Батор,10,12,80,80.8,76,21.2,84.6,650
564,7021929,38,14,үгүй,эзэмшдэг,тийм,Багш,Ховд,7,12,90,100.0,48,14.0,93.2,660
565,11603641,30,8,тийм,эзэмшдэг,тийм,Инженер,Ховд,5,18,60,62.7,87,23.2,66.1,598
566,6775773,45,22,тийм,эзэмшдэг,тийм,Сувилагч,Улаангом,1,11,60,100.0,57,13.6,97.9,657
567,2000000,22,3,үгүй,эзэмшилгүй,үгүй,Менежер,Арвайхээр,18,16,70,49.7,69,4.0,83.2,584
568,4975741,45,10,үгүй,түрээсэлдэг,үгүй,Сувилагч,Баянхонгор,19,11,80,89.6,71,10.0,92.4,651
569,2387624,53,31,үгүй,эзэмшдэг,тийм,Багш,Дархан,19,12,60,100.0,79,4.8,99.5,658
570,6945459,56,35,үгүй,эзэмшилгүй,тийм,Нярав,Баянхонгор,13,11,40,100.0,62,13.9,82.4,620
571,8055255,51,32,үгүй,эзэмшдэг,тийм,Нярав,Улаангом,0,18,70,100.0,50,16.1,68.1,606
572,13029311,34,7,үгүй,түрээсэлдэг,үгүй,Эмч,Ховд,9,13,80,75.0,59,26.1,100.0,673
573,8980782,21,2,үгүй,түрээсэлдэг,тийм,Бусад,Баянхонгор,15,6,50,62.4,58,18.0,48.9,534
574,7342698,36,1,үгүй,эзэмшдэг,тийм,Эмч,Арвайхээр,3,12,90,42.8,75,14.7,94.2,631
575,10488216,23,3,тийм,эзэмшдэг,тийм,Менежер,Эрдэнэт,10,5,90,45.1,91,21.0,91.5,647
576,2000000,55,36,үгүй,эзэмшдэг,үгүй,Менежер,Сүхбаатар,15,18,90,100.0,65,4.0,67.4,604
577,8706843,61,6,тийм,эзэмшдэг,тийм,Менежер,Арвайхээр,19,18,90,65.2,49,17.4,88.1,628
578,10312595,26,3,үгүй,түрээсэлдэг,тийм,Хуульч,Улаангом,0,3,80,64.0,63,20.6,68.8,597
579,3564241,45,4,үгүй,эзэмшдэг,тийм,Эмч,Улаангом,15,18,70,48.5,52,7.1,100.0,611
580,11431262,33,7,үгүй,эзэмшдэг,тийм,Хуульч,Эрдэнэт,18,8,90,67.4,91,22.9,59.3,607
581,9015489,54,0,үгүй,эзэмшдэг,үгүй,Сувилагч,Эрдэнэт,8,15,90,48.2,85,18.0,66.1,592
582,6754136,28,0,үгүй,эзэмшдэг,үгүй,Бусад,Эрдэнэт,8,3,80,25.6,92,13.5,40.0,514
583,9898345,41,14,тийм,түрээсэлдэг,тийм,Багш,Арвайхээр,8,5,70,100.0,73,19.8,100.0,686
584,14812078,54,19,үгүй,эзэмшдэг,тийм,Борлуулагч,Баянхонгор,16,7,50,99.4,68,29.6,63.9,618
585,8545598,24,2,тийм,түрээсэлдэг,тийм,Эмч,Улан Батор,11,15,60,71.0,75,17.1,74.9,605
586,8744661,45,9,тийм,эзэмшдэг,тийм,Борлуулагч,Өлгий,12,4,70,70.1,46,17.5,68.5,582
587,6621917,35,2,тийм,эзэмшдэг,үгүй,Нярав,Мөрөн,7,9,90,50.8,90,13.2,83.5,623
588,5450466,24,2,тийм,түрээсэлдэг,тийм,Эмч,Эрдэнэт,15,12,80,43.6,69,10.9,87.1,603
589,10491007,65,46,тийм,эзэмшдэг,тийм,Сувилагч,Сайншанд,17,13,100,100.0,56,21.0,100.0,695
590,5431748,32,10,үгүй,түрээсэлдэг,тийм,Эмч,Өлгий,0,6,80,84.5,87,10.9,73.8,621
591,8214698,52,10,тийм,түрээсэлдэг,тийм,Хуульч,Баянхонгор,0,19,80,94.0,52,16.4,94.8,659
592,6567027,52,4,тийм,эзэмшдэг,тийм,Бусад,Мөрөн,11,5,50,59.9,95,13.1,94.9,633
593,9436939,48,7,тийм,эзэмшдэг,тийм,Багш,Арвайхээр,5,6,70,70.6,63,18.9,85.3,626
594,9000986,33,1,тийм,эзэмшдэг,тийм,Техникч,Өлгий,8,4,80,36.2,93,18.0,78.1,604
595,11112619,51,11,үгүй,эзэмшдэг,үгүй,Багш,Эрдэнэт,4,17,60,76.8,94,22.2,100.0,677
596,6469950,34,5,тийм,эзэмшдэг,тийм,Багш,Дархан,15,11,50,66.7,70,12.9,91.7,618
597,7190375,40,0,тийм,эзэмшдэг,тийм,Нярав,Улаангом,17,5,70,53.9,97,14.4,100.0,652
598,5063708,38,3,тийм,эзэмшдэг,үгүй,Сувилагч,Сүхбаатар,16,0,80,77.2,66,10.1,60.1,576
599,6667120,49,16,тийм,түрээсэлдэг,тийм,Борлуулагч,Сүхбаатар,17,3,100,79.5,89,13.3,77.5,640
600,9131901,26,4,тийм,түрээсэлдэг,үгүй,Сувилагч,Өлгий,0,18,70,64.3,60,18.3,93.6,634
601,10270965,52,4,тийм,түрээсэлдэг,тийм,Техникч,Сүхбаатар,18,11,90,58.2,83,20.5,59.4,591
602,5233504,49,29,үгүй,эзэмшдэг,тийм,Нярав,Ховд,7,14,40,100.0,94,10.5,100.0,665
603,10608817,63,23,үгүй,эзэмшдэг,тийм,Бусад,Ховд,2,2,60,100.0,96,21.2,89.8,676
604,12066913,22,2,тийм,түрээсэлдэг,тийм,Багш,Өлгий,4,19,70,54.1,40,24.1,79.3,597
605,9240304,43,2,үгүй,түрээсэлдэг,тийм,Хуульч,Эрдэнэт,7,7,30,44.7,54,18.5,81.3,570
606,13630387,39,10,тийм,түрээсэлдэг,үгүй,Нярав,Баянхонгор,18,10,60,66.8,42,27.3,65.1,581
607,5678632,51,3,тийм,эзэмшдэг,тийм,Менежер,Эрдэнэт,17,15,70,56.4,45,11.4,70.9,565
608,4266035,25,1,үгүй,түрээсэлдэг,тийм,Эмч,Арвайхээр,17,8,90,38.8,53,8.5,73.3,565
609,2663839,39,13,тийм,түрээсэлдэг,тийм,Сувилагч,Эрдэнэт,0,2,80,87.9,94,5.3,90.1,650
610,12488132,54,26,үгүй,эзэмшдэг,тийм,Нярав,Арвайхээр,14,4,90,100.0,77,25.0,72.4,654
611,9963096,30,9,тийм,эзэмшдэг,тийм,Менежер,Баянхонгор,17,19,60,52.5,72,19.9,90.2,622
612,7833245,45,18,тийм,түрээсэлдэг,тийм,Борлуулагч,Дархан,6,13,80,100.0,91,15.7,79.9,656
613,8839905,22,1,тийм,эзэмшдэг,үгүй,Техникч,Арвайхээр,15,14,90,53.8,77,17.7,92.4,643
614,4623532,31,5,үгүй,эзэмшдэг,үгүй,Техникч,Ховд,15,5,80,40.6,47,9.2,100.0,611
615,15337255,51,14,үгүй,түрээсэлдэг,тийм,Багш,Ховд,14,3,90,94.5,65,30.7,90.6,688
616,8387663,35,9,үгүй,эзэмшилгүй,тийм,Багш,Сайншанд,5,7,70,75.0,54,16.8,82.1,615
617,8328184,29,4,тийм,эзэмшдэг,үгүй,Нярав,Сайншанд,8,18,90,48.8,53,16.7,89.4,618
618,10177299,43,4,тийм,эзэмшдэг,үгүй,Нярав,Улаангом,6,4,70,65.1,87,20.4,62.5,593
619,9443027,39,9,тийм,эзэмшдэг,тийм,Бусад,Ховд,13,12,70,67.6,59,18.9,54.3,562
620,8671652,29,4,тийм,түрээсэлдэг,үгүй,Эмч,Арвайхээр,10,15,90,63.9,94,17.3,86.8,649
621,5628576,55,34,үгүй,эзэмшдэг,тийм,Инженер,Ховд,15,0,80,100.0,87,11.3,79.8,646
622,9414405,41,22,тийм,эзэмшилгүй,үгүй,Борлуулагч,Улан Батор,5,12,70,100.0,98,18.8,76.6,653
623,13646073,29,5,үгүй,эзэмшдэг,тийм,Багш,Дархан,15,10,40,64.8,58,27.3,100.0,644
624,12036260,48,3,үгүй,эзэмшдэг,тийм,Инженер,Сайншанд,19,7,70,42.8,95,24.1,90.9,640
625,12779559,27,1,тийм,түрээсэлдэг,үгүй,Инженер,Дархан,15,7,50,52.2,72,25.6,88.9,623
626,6466352,36,8,үгүй,түрээсэлдэг,тийм,Эмч,Улан Батор,11,13,90,80.6,75,12.9,71.4,616
627,5031185,36,16,тийм,эзэмшдэг,тийм,Хуульч,Улаангом,16,12,80,100.0,63,10.1,72.9,618
628,7622639,53,28,тийм,эзэмшдэг,тийм,Хуульч,Сайншанд,4,2,70,100.0,49,15.2,69.1,606
629,8167174,24,4,тийм,эзэмшилгүй,үгүй,Багш,Сүхбаатар,12,3,70,75.5,91,16.3,77.9,627
630,11282574,24,2,тийм,эзэмшдэг,үгүй,Менежер,Баянхонгор,7,19,90,51.5,89,22.6,100.0,670
631,2922606,59,16,тийм,түрээсэлдэг,үгүй,Эмч,Мөрөн,4,14,70,87.8,73,5.8,96.9,647
632,12588650,60,31,тийм,эзэмшдэг,тийм,Эмч,Сүхбаатар,11,14,70,100.0,75,25.2,87.8,672
633,7525976,37,15,тийм,түрээсэлдэг,үгүй,Сувилагч,Ховд,8,12,90,89.8,86,15.1,93.5,675
634,6719356,57,21,тийм,түрээсэлдэг,тийм,Инженер,Арвайхээр,2,8,70,100.0,75,13.4,49.7,580
635,4963686,59,3,үгүй,эзэмшдэг,тийм,Сувилагч,Мөрөн,2,9,80,66.5,55,9.9,98.8,635
636,3035429,49,4,үгүй,түрээсэлдэг,үгүй,Инженер,Улаангом,0,11,60,82.2,54,6.1,65.3,566
637,10469511,56,36,тийм,эзэмшдэг,тийм,Хуульч,Баянхонгор,17,13,60,100.0,57,20.9,84.9,644
638,8219953,58,12,тийм,эзэмшдэг,тийм,Багш,Дархан,11,0,70,88.1,46,16.4,65.3,589
639,4130117,59,33,үгүй,түрээсэлдэг,тийм,Борлуулагч,Арвайхээр,8,13,60,100.0,86,8.3,84.9,639
640,4114763,57,21,тийм,эзэмшдэг,тийм,Хуульч,Арвайхээр,8,13,50,100.0,61,8.2,78.4,608
641,6992645,55,22,үгүй,түрээсэлдэг,үгүй,Эмч,Баянхонгор,17,7,70,100.0,71,14.0,90.2,656
642,13007064,27,2,тийм,эзэмшдэг,тийм,Борлуулагч,Ховд,17,15,80,52.5,82,26.0,81.0,631
643,7221225,47,2,тийм,эзэмшдэг,үгүй,Нярав,Ховд,6,13,40,51.5,58,14.4,85.6,585
644,3490571,48,9,тийм,эзэмшдэг,тийм,Борлуулагч,Сайншанд,3,0,80,72.9,79,7.0,87.4,627
645,7262770,42,1,тийм,эзэмшдэг,тийм,Борлуулагч,Баянхонгор,12,15,80,53.4,95,14.5,65.5,590
646,7181829,34,15,үгүй,эзэмшдэг,тийм,Хуульч,Эрдэнэт,16,17,60,80.4,40,14.4,66.2,572
647,2000000,27,2,тийм,түрээсэлдэг,үгүй,Эмч,Эрдэнэт,1,6,90,68.2,74,4.0,77.8,602
648,7837115,57,20,үгүй,эзэмшилгүй,тийм,Борлуулагч,Баянхонгор,13,14,100,100.0,44,15.7,100.0,680
649,7307196,42,13,үгүй,түрээсэлдэг,үгүй,Хуульч,Баянхонгор,2,16,60,87.3,89,14.6,92.0,655
650,10088619,25,6,тийм,эзэмшдэг,тийм,Хуульч,Сайншанд,4,18,60,64.0,51,20.2,62.5,567
651,13546868,22,3,үгүй,эзэмшдэг,тийм,Борлуулагч,Дархан,13,12,80,58.8,51,27.1,82.9,624
652,11379695,47,20,тийм,эзэмшдэг,тийм,Инженер,Баянхонгор,2,8,100,100.0,60,22.8,100.0,700
653,7193333,41,11,тийм,эзэмшдэг,үгүй,Эмч,Сайншанд,6,14,70,80.0,98,14.4,76.7,629
654,4680422,58,10,үгүй,түрээсэлдэг,үгүй,Техникч,Өлгий,17,2,40,90.0,97,9.4,85.1,628
655,15720079,35,6,тийм,эзэмшдэг,тийм,Борлуулагч,Улаангом,12,0,60,53.8,58,31.4,82.4,619
656,8177655,41,3,тийм,эзэмшдэг,тийм,Сувилагч,Эрдэнэт,9,15,70,51.9,48,16.4,81.5,591
657,8041787,30,2,тийм,эзэмшилгүй,тийм,Сувилагч,Мөрөн,12,7,90,63.8,82,16.1,73.2,614
658,7927624,43,0,тийм,эзэмшдэг,үгүй,Нярав,Сүхбаатар,15,12,60,53.2,88,15.9,92.5,629
659,8594254,59,27,үгүй,эзэмшдэг,тийм,Эмч,Баянхонгор,8,7,60,100.0,87,17.2,80.1,645
660,7566918,25,6,үгүй,эзэмшдэг,үгүй,Хуульч,Эрдэнэт,1,16,80,72.0,75,15.1,80.8,625
661,6279013,21,0,үгүй,эзэмшдэг,үгүй,Бусад,Улаангом,4,13,30,42.1,81,12.6,92.5,594
662,6359423,33,2,үгүй,түрээсэлдэг,тийм,Багш,Улаангом,16,6,80,52.9,93,12.7,82.2,618
663,7901740,41,12,тийм,эзэмшдэг,үгүй,Менежер,Мөрөн,3,14,60,96.4,86,15.8,68.6,618
664,6369725,46,14,тийм,эзэмшдэг,тийм,Бусад,Арвайхээр,16,15,90,100.0,96,12.7,77.7,655
665,5861462,65,33,тийм,эзэмшдэг,тийм,Эмч,Баянхонгор,8,18,70,100.0,90,11.7,84.2,651
666,8319290,41,10,тийм,эзэмшдэг,тийм,Эмч,Өлгий,19,5,100,69.5,71,16.6,68.8,611
667,7235068,38,3,тийм,эзэмшдэг,тийм,Борлуулагч,Баянхонгор,1,0,90,55.2,74,14.5,89.3,631
668,12511978,57,16,үгүй,түрээсэлдэг,үгүй,Борлуулагч,Улан Батор,17,11,70,99.0,70,25.0,75.4,645
669,2000000,65,34,тийм,түрээсэлдэг,тийм,Бусад,Баянхонгор,10,17,80,100.0,99,4.0,100.0,680
670,11274520,52,17,тийм,түрээсэлдэг,тийм,Хуульч,Арвайхээр,12,15,80,83.2,92,22.5,75.9,646
671,11738255,56,21,тийм,эзэмшдэг,тийм,Нярав,Ховд,7,11,80,100.0,94,23.5,78.0,667
672,2000000,37,18,үгүй,түрээсэлдэг,тийм,Борлуулагч,Ховд,0,19,60,100.0,71,4.0,86.8,628
673,6971937,55,36,үгүй,түрээсэлдэг,тийм,Менежер,Дархан,16,12,80,100.0,76,13.9,92.6,669
674,6885677,31,6,тийм,эзэмшдэг,тийм,Менежер,Арвайхээр,11,7,70,67.3,71,13.8,77.1,604
675,3777464,41,20,тийм,түрээсэлдэг,тийм,Нярав,Сүхбаатар,3,0,60,100.0,82,7.6,100.0,665
676,5666549,46,7,үгүй,эзэмшдэг,үгүй,Инженер,Улаангом,12,6,70,63.7,95,11.3,84.7,625
677,4668272,24,3,тийм,эзэмшдэг,үгүй,Инженер,Баянхонгор,8,14,50,43.9,76,9.3,59.4,535
678,13256811,54,4,тийм,түрээсэлдэг,тийм,Эмч,Сайншанд,6,12,90,69.9,78,26.5,80.5,648
679,10807035,38,16,үгүй,эзэмшдэг,үгүй,Борлуулагч,Улан Батор,4,12,40,100.0,77,21.6,84.3,644
680,11814665,60,36,үгүй,түрээсэлдэг,тийм,Сувилагч,Дархан,4,8,70,100.0,69,23.6,91.5,674
681,10165016,55,35,тийм,эзэмшдэг,тийм,Бусад,Эрдэнэт,16,14,60,100.0,97,20.3,69.4,635
682,4612844,61,18,үгүй,түрээсэлдэг,тийм,Техникч,Сүхбаатар,8,3,60,100.0,71,9.2,81.1,625
683,6426439,49,30,үгүй,эзэмшилгүй,тийм,Нярав,Сайншанд,5,12,60,100.0,84,12.9,61.3,600
684,9468123,49,26,тийм,түрээсэлдэг,тийм,Эмч,Баянхонгор,18,11,80,100.0,41,18.9,84.9,643
685,4333616,58,33,үгүй,эзэмшдэг,үгүй,Сувилагч,Дархан,15,4,40,100.0,90,8.7,72.7,608
686,10138995,62,10,үгүй,эзэмшдэг,тийм,Борлуулагч,Сайншанд,1,6,90,75.9,50,20.3,68.4,604
687,7279023,41,21,үгүй,эзэмшдэг,үгүй,Сувилагч,Эрдэнэт,9,7,40,100.0,98,14.6,85.5,647
688,6875537,62,11,үгүй,эзэмшдэг,тийм,Сувилагч,Ховд,15,4,70,85.4,59,13.8,100.0,656
689,10132879,33,5,тийм,эзэмшдэг,үгүй,Нярав,Эрдэнэт,4,8,70,73.3,76,20.3,79.7,627
690,9332789,61,20,тийм,түрээсэлдэг,тийм,Эмч,Улан Батор,14,13,80,100.0,48,18.7,100.0,676
691,6917101,37,10,тийм,түрээсэлдэг,тийм,Хуульч,Улаангом,12,11,70,89.3,77,13.8,91.1,652
692,11477989,29,6,тийм,эзэмшилгүй,тийм,Менежер,Арвайхээр,12,3,50,84.0,88,23.0,87.2,651
693,4756810,61,27,тийм,эзэмшдэг,тийм,Бусад,Мөрөн,12,19,60,100.0,58,9.5,65.3,588
694,9847806,21,0,үгүй,эзэмшдэг,тийм,Эмч,Арвайхээр,14,7,60,48.4,94,19.7,73.6,598
695,9779303,22,0,үгүй,эзэмшдэг,үгүй,Техникч,Арвайхээр,13,16,80,59.7,79,19.6,41.9,549
696,7071360,49,23,үгүй,эзэмшилгүй,тийм,Сувилагч,Эрдэнэт,7,7,60,100.0,46,14.1,81.1,620
697,8978399,53,19,үгүй,түрээсэлдэг,үгүй,Хуульч,Баянхонгор,10,0,50,100.0,44,18.0,87.7,632
698,4246659,30,8,үгүй,түрээсэлдэг,тийм,Нярав,Сайншанд,17,19,70,66.1,86,8.5,63.1,575
699,10772081,60,11,тийм,эзэмшилгүй,үгүй,Багш,Дархан,3,1,50,85.0,81,21.5,100.0,670
700,7445293,41,5,тийм,түрээсэлдэг,тийм,Бусад,Мөрөн,9,3,90,74.6,63,14.9,60.7,587
701,6431830,48,16,тийм,эзэмшдэг,тийм,Бусад,Баянхонгор,0,0,60,89.9,87,12.9,86.6,642
702,11147027,31,2,үгүй,эзэмшдэг,үгүй,Менежер,Мөрөн,4,6,70,45.2,80,22.3,100.0,649
703,5886968,54,18,тийм,түрээсэлдэг,тийм,Багш,Дархан,12,0,40,100.0,46,11.8,75.1,593
704,3774616,28,9,үгүй,эзэмшдэг,тийм,Борлуулагч,Дархан,0,8,60,83.6,50,7.5,72.6,581
705,3330112,42,15,тийм,эзэмшдэг,тийм,Багш,Баянхонгор,7,2,70,81.3,48,6.7,68.8,575
706,9818029,28,3,үгүй,эзэмшилгүй,тийм,Сувилагч,Улаангом,2,11,80,52.1,88,19.6,85.6,632
707,4158711,35,5,үгүй,эзэмшилгүй,тийм,Сувилагч,Улан Батор,2,18,70,67.7,69,8.3,73.5,587
708,13264382,37,3,үгүй,түрээсэлдэг,үгүй,Сувилагч,Ховд,6,14,70,69.9,80,26.5,85.8,649
709,2000000,43,5,үгүй,түрээсэлдэг,тийм,Сувилагч,Улан Батор,3,15,90,67.9,42,4.0,100.0,627
710,13089369,44,10,үгүй,түрээсэлдэг,тийм,Эмч,Дархан,2,9,80,83.7,61,26.2,94.9,672
711,8633052,65,32,үгүй,эзэмшдэг,тийм,Бусад,Баянхонгор,14,5,70,100.0,79,17.3,79.6,646
712,7709860,39,14,үгүй,эзэмшдэг,тийм,Багш,Өлгий,7,16,60,100.0,90,15.4,68.7,622
713,6365242,25,2,үгүй,түрээсэлдэг,тийм,Бусад,Баянхонгор,2,16,70,70.9,59,12.7,78.9,602
714,9197408,52,10,үгүй,түрээсэлдэг,үгүй,Техникч,Өлгий,6,18,90,59.6,71,18.4,91.2,643
715,7887095,64,16,тийм,эзэмшдэг,тийм,Багш,Сүхбаатар,17,17,90,99.0,87,15.8,100.0,697
716,11309905,21,2,тийм,эзэмшилгүй,үгүй,Эмч,Ховд,10,10,90,65.1,46,22.6,80.6,620
717,8342682,43,20,тийм,эзэмшдэг,тийм,Техникч,Дархан,10,6,60,100.0,99,16.7,44.5,583
718,8450905,57,13,тийм,эзэмшдэг,тийм,Бусад,Өлгий,16,9,80,95.4,46,16.9,76.9,623
719,6909163,28,1,тийм,түрээсэлдэг,тийм,Техникч,Сүхбаатар,5,6,60,44.4,59,13.8,56.0,532
720,7829163,33,11,үгүй,эзэмшдэг,тийм,Менежер,Ховд,7,4,80,75.7,64,15.7,80.1,621
721,8923405,28,2,үгүй,эзэмшдэг,тийм,Техникч,Мөрөн,0,11,70,49.0,84,17.8,45.2,541
722,2869494,43,14,үгүй,эзэмшдэг,тийм,Багш,Ховд,9,15,50,95.1,74,5.7,76.9,604
723,3955443,63,3,тийм,түрээсэлдэг,үгүй,Сувилагч,Сүхбаатар,18,17,60,54.2,83,7.9,52.2,536
724,10229792,21,2,тийм,эзэмшдэг,тийм,Сувилагч,Баянхонгор,2,2,70,25.6,63,20.5,95.8,612
725,8512596,65,44,тийм,түрээсэлдэг,үгүй,Борлуулагч,Мөрөн,3,19,90,100.0,79,17.0,85.0,667
726,7448049,44,2,тийм,түрээсэлдэг,тийм,Бусад,Улаангом,10,14,60,51.6,52,14.9,84.5,591
727,8055301,55,8,тийм,эзэмшдэг,үгүй,Менежер,Баянхонгор,14,4,60,60.4,91,16.1,83.4,620
728,9042745,44,7,тийм,эзэмшилгүй,үгүй,Багш,Сүхбаатар,0,12,70,58.9,87,18.1,49.1,559
729,6380720,37,12,үгүй,эзэмшдэг,тийм,Багш,Өлгий,8,18,60,100.0,78,12.8,97.7,667
730,5665085,25,0,үгүй,эзэмшилгүй,үгүй,Нярав,Ховд,10,11,60,49.9,43,11.3,100.0,609
731,8587535,40,16,тийм,түрээсэлдэг,тийм,Инженер,Ховд,18,4,70,94.1,51,17.2,91.1,647
732,5064881,41,16,тийм,эзэмшилгүй,үгүй,Бусад,Баянхонгор,12,5,90,100.0,56,10.1,73.6,621
733,9224758,60,32,тийм,эзэмшдэг,тийм,Багш,Ховд,15,6,90,100.0,40,18.4,53.6,587
734,2892249,51,31,тийм,эзэмшдэг,тийм,Хуульч,Сүхбаатар,3,9,60,100.0,56,5.8,76.4,602
735,11087466,56,7,үгүй,эзэмшдэг,үгүй,Багш,Сайншанд,0,15,60,88.1,41,22.2,76.8,612
736,9417792,31,2,тийм,эзэмшдэг,тийм,Нярав,Сайншанд,19,7,70,60.3,45,18.8,91.1,619
737,8768089,35,5,тийм,түрээсэлдэг,тийм,Техникч,Баянхонгор,12,8,80,49.7,83,17.5,83.9,621
738,10948072,39,2,тийм,эзэмшдэг,үгүй,Эмч,Ховд,0,3,70,46.0,97,21.9,97.0,652
739,12996423,27,4,тийм,түрээсэлдэг,тийм,Эмч,Баянхонгор,4,7,70,58.0,50,26.0,100.0,649
740,11043110,48,12,үгүй,эзэмшдэг,тийм,Хуульч,Баянхонгор,4,6,60,91.1,92,22.1,77.6,644
741,2477377,63,30,үгүй,эзэмшдэг,тийм,Хуульч,Сайншанд,13,14,70,100.0,82,5.0,75.1,618
742,4161269,25,6,үгүй,түрээсэлдэг,тийм,Борлуулагч,Арвайхээр,13,2,100,53.3,57,8.3,72.6,583
743,6125544,25,1,тийм,эзэмшдэг,үгүй,Эмч,Улаангом,7,16,50,36.5,79,12.3,77.3,570
744,8078273,50,31,тийм,түрээсэлдэг,тийм,Техникч,Арвайхээр,3,10,80,100.0,64,16.2,80.3,642
745,9552977,52,21,тийм,түрээсэлдэг,тийм,Эмч,Сайншанд,6,8,80,100.0,78,19.1,75.0,645
746,5822768,28,5,үгүй,түрээсэлдэг,тийм,Инженер,Ховд,19,4,70,62.9,67,11.6,100.0,638
747,8560300,30,10,тийм,эзэмшдэг,үгүй,Бусад,Баянхонгор,18,9,80,84.8,85,17.1,50.4,585
748,5733851,58,2,тийм,түрээсэлдэг,тийм,Эмч,Арвайхээр,14,14,80,68.5,55,11.5,92.2,627
749,6165446,52,9,үгүй,эзэмшилгүй,тийм,Сувилагч,Дархан,3,13,80,80.1,51,12.3,92.2,635
750,3780016,48,9,үгүй,түрээсэлдэг,үгүй,Борлуулагч,Мөрөн,18,3,90,67.6,80,7.6,96.4,647
751,5230300,37,15,тийм,эзэмшдэг,тийм,Нярав,Дархан,8,19,70,100.0,91,10.5,97.5,675
752,3944946,51,11,тийм,түрээсэлдэг,тийм,Хуульч,Улан Батор,12,1,60,81.2,68,7.9,98.8,640
753,5072380,28,1,тийм,түрээсэлдэг,тийм,Инженер,Сайншанд,13,11,90,53.5,62,10.1,94.5,626
754,11160925,60,40,үгүй,түрээсэлдэг,тийм,Хуульч,Сайншанд,13,0,80,100.0,60,22.3,53.7,599
755,5151803,45,23,тийм,эзэмшдэг,тийм,Борлуулагч,Арвайхээр,9,19,70,100.0,55,10.3,59.2,582
756,15897146,29,2,үгүй,эзэмшдэг,тийм,Багш,Баянхонгор,15,4,80,46.1,92,31.8,84.9,648
757,9479953,22,3,тийм,түрээсэлдэг,үгүй,Инженер,Өлгий,4,5,60,46.9,90,19.0,42.6,534
758,8554508,35,14,үгүй,эзэмшдэг,тийм,Менежер,Эрдэнэт,5,10,100,61.9,87,17.1,100.0,674
759,5424926,23,2,үгүй,түрээсэлдэг,үгүй,Инженер,Арвайхээр,1,7,60,54.4,80,10.8,93.3,619
760,10100929,56,18,тийм,эзэмшдэг,тийм,Борлуулагч,Улаангом,12,6,80,100.0,84,20.2,68.5,637
761,6273086,24,1,үгүй,түрээсэлдэг,үгүй,Нярав,Сайншанд,12,3,30,43.2,65,12.5,74.4,551
762,8366029,34,7,тийм,эзэмшдэг,үгүй,Инженер,Арвайхээр,18,5,60,96.6,76,16.7,73.9,624
763,15680253,61,25,үгүй,эзэмшдэг,тийм,Борлуулагч,Баянхонгор,17,15,80,100.0,61,31.4,80.8,667
764,7711820,61,39,үгүй,эзэмшилгүй,тийм,Техникч,Улан Батор,18,19,80,100.0,90,15.4,91.9,678
765,11447819,45,6,тийм,түрээсэлдэг,тийм,Бусад,Сайншанд,0,14,40,56.9,49,22.9,93.4,613
766,5890470,30,6,үгүй,түрээсэлдэг,үгүй,Эмч,Ховд,7,13,80,52.0,46,11.8,77.4,580
767,7895034,41,2,үгүй,эзэмшдэг,үгүй,Техникч,Улан Батор,15,11,20,54.9,48,15.8,99.1,599
768,13312401,56,0,тийм,түрээсэлдэг,тийм,Борлуулагч,Улан Батор,1,11,70,50.7,64,26.6,76.7,607
769,6119098,32,3,тийм,түрээсэлдэг,тийм,Сувилагч,Мөрөн,7,15,80,57.0,85,12.2,80.9,613
770,13437345,47,24,үгүй,түрээсэлдэг,тийм,Багш,Сайншанд,5,14,80,100.0,54,26.9,90.0,673
771,10123255,60,36,үгүй,эзэмшдэг,үгүй,Эмч,Сүхбаатар,15,12,60,100.0,52,20.2,49.6,573
772,6312599,22,0,тийм,түрээсэлдэг,тийм,Сувилагч,Эрдэнэт,10,10,60,54.7,81,12.6,73.6,585
773,9897223,33,14,тийм,түрээсэлдэг,тийм,Нярав,Улан Батор,16,16,40,97.3,85,19.8,89.5,653
774,10917663,52,12,тийм,эзэмшилгүй,тийм,Хуульч,Сүхбаатар,18,14,60,82.8,65,21.8,59.2,586
775,9865429,51,7,тийм,эзэмшдэг,тийм,Менежер,Мөрөн,10,13,60,71.0,60,19.7,79.6,610
776,3289325,36,4,тийм,түрээсэлдэг,үгүй,Эмч,Ховд,7,9,50,66.1,62,6.6,93.2,606
777,5818588,52,8,үгүй,түрээсэлдэг,тийм,Техникч,Дархан,3,11,70,70.8,83,11.6,62.1,581
778,7257444,52,0,тийм,эзэмшдэг,тийм,Багш,Сайншанд,10,15,80,56.6,67,14.5,68.9,584
779,7776699,54,35,үгүй,эзэмшдэг,тийм,Сувилагч,Баянхонгор,7,14,70,100.0,90,15.6,72.7,636
780,9862016,31,2,тийм,эзэмшдэг,тийм,Борлуулагч,Ховд,8,9,80,48.7,77,19.7,66.7,587
781,8533103,30,1,тийм,эзэмшдэг,тийм,Эмч,Сүхбаатар,1,3,80,42.5,51,17.1,100.0,627
782,3993966,35,7,тийм,эзэмшдэг,үгүй,Хуульч,Өлгий,15,8,20,64.3,63,8.0,68.6,543
783,9140593,37,8,тийм,түрээсэлдэг,үгүй,Борлуулагч,Улан Батор,5,19,80,71.1,52,18.3,85.1,625
784,9831757,60,33,үгүй,түрээсэлдэг,тийм,Сувилагч,Сүхбаатар,18,8,60,100.0,79,19.7,79.1,643
785,9679371,38,13,үгүй,түрээсэлдэг,тийм,Багш,Улан Батор,7,19,20,89.4,87,19.4,73.7,606
786,11242342,29,3,үгүй,эзэмшилгүй,үгүй,Инженер,Дархан,13,10,50,46.2,41,22.5,91.5,601
787,10501766,45,5,үгүй,эзэмшдэг,тийм,Хуульч,Улаангом,15,10,30,51.0,93,21.0,79.7,597
788,9377540,60,10,үгүй,эзэмшдэг,тийм,Борлуулагч,Улан Батор,11,6,70,75.8,78,18.8,98.8,665
789,7789502,34,2,тийм,түрээсэлдэг,үгүй,Хуульч,Сүхбаатар,4,9,90,64.3,51,15.6,100.0,648
790,3017117,45,7,үгүй,эзэмшдэг,үгүй,Нярав,Баянхонгор,18,3,80,85.0,78,6.0,100.0,659
791,9288854,42,2,үгүй,эзэмшдэг,үгүй,Борлуулагч,Эрдэнэт,17,4,80,40.1,90,18.6,83.8,618
792,8623063,50,13,тийм,эзэмшдэг,үгүй,Эмч,Баянхонгор,8,4,80,92.7,53,17.2,60.1,593
793,8814736,40,12,үгүй,эзэмшдэг,үгүй,Инженер,Ховд,1,10,40,82.0,69,17.6,96.8,642
794,4169754,41,12,тийм,түрээсэлдэг,тийм,Инженер,Улан Батор,19,8,80,82.8,80,8.3,81.0,625
795,4756830,64,31,тийм,эзэмшдэг,тийм,Менежер,Сайншанд,11,15,50,100.0,89,9.5,83.9,636
796,11159458,52,33,үгүй,эзэмшдэг,тийм,Хуульч,Ховд,1,8,80,100.0,82,22.3,70.5,644
797,7881334,41,12,тийм,эзэмшдэг,тийм,Техникч,Ховд,9,3,60,74.9,87,15.8,100.0,661
798,10044502,55,18,тийм,түрээсэлдэг,тийм,Инженер,Арвайхээр,0,1,50,100.0,58,20.1,87.8,644
799,8084955,52,15,үгүй,эзэмшдэг,тийм,Инженер,Улаангом,3,13,90,100.0,70,16.2,64.7,621
800,8089268,50,1,үгүй,түрээсэлдэг,тийм,Нярав,Мөрөн,11,2,60,59.3,82,16.2,79.4,606
801,10814851,59,39,тийм,эзэмшдэг,тийм,Бусад,Баянхонгор,8,17,90,100.0,89,21.6,100.0,709
802,6451865,32,0,үгүй,эзэмшдэг,тийм,Нярав,Улаангом,3,5,50,55.3,82,12.9,92.6,617
803,8288362,61,33,тийм,түрээсэлдэг,тийм,Нярав,Баянхонгор,8,10,40,100.0,64,16.6,65.9,593
804,6613174,38,9,тийм,эзэмшдэг,тийм,Бусад,Сүхбаатар,5,17,60,82.5,43,13.2,85.7,611
805,6696511,41,15,үгүй,эзэмшдэг,үгүй,Хуульч,Сайншанд,0,11,70,87.2,89,13.4,60.8,598
806,7072483,33,5,үгүй,эзэмшдэг,тийм,Борлуулагч,Баянхонгор,9,4,90,44.1,90,14.1,78.7,610
807,8666401,41,1,тийм,эзэмшилгүй,тийм,Багш,Ховд,13,8,90,61.0,52,17.3,100.0,649
808,6563754,28,1,үгүй,эзэмшдэг,үгүй,Техникч,Улаангом,17,19,90,35.0,75,13.1,71.7,579
809,11767268,60,25,үгүй,түрээсэлдэг,тийм,Инженер,Мөрөн,5,17,70,100.0,81,23.5,47.4,595
810,5316178,27,7,тийм,эзэмшдэг,тийм,Менежер,Баянхонгор,17,18,80,78.5,93,10.6,82.2,635
811,7439385,43,14,тийм,эзэмшдэг,тийм,Техникч,Дархан,19,2,100,83.5,76,14.9,80.9,646
812,6680806,64,30,тийм,эзэмшдэг,тийм,Борлуулагч,Эрдэнэт,15,8,90,100.0,42,13.4,84.4,639
813,12340933,52,33,үгүй,эзэмшилгүй,үгүй,Бусад,Улаангом,14,3,40,100.0,55,24.7,76.7,623
814,8589664,31,6,үгүй,эзэмшдэг,тийм,Техникч,Ховд,15,16,60,58.8,65,17.2,78.4,596
815,11095533,42,2,үгүй,эзэмшдэг,тийм,Инженер,Улан Батор,7,16,80,61.4,79,22.2,39.7,551
816,3543318,42,7,үгүй,эзэмшдэг,тийм,Техникч,Мөрөн,12,1,60,77.3,95,7.1,87.5,629
817,8801150,63,22,үгүй,эзэмшдэг,тийм,Багш,Баянхонгор,10,8,50,100.0,78,17.6,87.6,650
818,10668892,45,13,тийм,эзэмшдэг,тийм,Бусад,Баянхонгор,6,8,100,80.8,58,21.3,52.2,589
819,8246851,42,23,тийм,түрээсэлдэг,тийм,Техникч,Эрдэнэт,16,4,100,100.0,85,16.5,77.9,661
820,11196441,48,29,тийм,эзэмшдэг,тийм,Инженер,Баянхонгор,17,14,60,100.0,54,22.4,85.4,646
821,6448134,49,22,тийм,эзэмшдэг,тийм,Инженер,Ховд,18,14,70,100.0,71,12.9,66.8,609
822,12228042,33,10,үгүй,түрээсэлдэг,тийм,Техникч,Өлгий,12,2,60,56.7,88,24.5,84.0,630
823,14896694,38,6,үгүй,эзэмшдэг,тийм,Хуульч,Ховд,14,18,90,65.1,60,29.8,89.1,656
824,6911484,22,0,тийм,эзэмшдэг,тийм,Менежер,Сайншанд,0,2,70,54.7,40,13.8,66.9,557
825,6663492,49,6,тийм,эзэмшдэг,үгүй,Сувилагч,Баянхонгор,15,5,60,60.0,45,13.3,100.0,621
826,12360153,41,0,үгүй,түрээсэлдэг,тийм,Нярав,Мөрөн,4,3,80,41.2,66,24.7,62.9,576
827,12738716,35,16,тийм,эзэмшдэг,тийм,Бусад,Улаангом,2,12,50,90.5,62,25.5,84.8,641
828,6431419,47,8,тийм,эзэмшдэг,тийм,Сувилагч,Сайншанд,9,12,80,70.9,86,12.9,86.5,637
829,6739439,51,29,тийм,эзэмшдэг,тийм,Борлуулагч,Ховд,18,10,60,100.0,70,13.5,82.9,635
830,7154646,35,12,тийм,түрээсэлдэг,үгүй,Борлуулагч,Сайншанд,4,4,80,92.6,51,14.3,94.1,653
831,3966648,43,20,үгүй,эзэмшдэг,тийм,Инженер,Улан Батор,6,0,70,100.0,60,7.9,88.7,637
832,5244044,44,18,тийм,түрээсэлдэг,үгүй,Борлуулагч,Улаангом,13,8,70,93.6,91,10.5,68.7,615
833,4987577,64,18,тийм,түрээсэлдэг,тийм,Хуульч,Дархан,2,16,100,100.0,41,10.0,65.0,601
834,5696607,33,8,тийм,түрээсэлдэг,үгүй,Менежер,Улаангом,12,0,50,88.8,44,11.4,65.8,570
835,7895945,42,21,үгүй,эзэмшдэг,тийм,Борлуулагч,Улаангом,12,2,50,100.0,48,15.8,63.1,583
836,8702644,63,30,тийм,эзэмшдэг,үгүй,Багш,Ховд,9,14,80,100.0,59,17.4,55.4,594
837,12651501,57,16,тийм,эзэмшдэг,тийм,Менежер,Эрдэнэт,1,9,80,100.0,85,25.3,91.9,691
838,5004937,53,22,тийм,эзэмшдэг,тийм,Хуульч,Баянхонгор,5,7,90,100.0,57,10.0,99.0,670
839,10952967,23,1,тийм,эзэмшдэг,тийм,Сувилагч,Эрдэнэт,7,11,100,46.6,61,21.9,89.7,635
840,7358033,39,9,тийм,түрээсэлдэг,тийм,Менежер,Дархан,3,14,50,68.9,47,14.7,99.1,625
841,7851608,43,3,үгүй,эзэмшдэг,үгүй,Менежер,Арвайхээр,11,8,80,69.9,73,15.7,74.8,611
842,10024458,49,7,тийм,эзэмшдэг,тийм,Сувилагч,Улан Батор,14,9,50,74.0,48,20.0,80.5,602
843,4631833,50,21,тийм,түрээсэлдэг,тийм,Хуульч,Ховд,7,19,70,96.3,46,9.3,73.3,599
844,9147229,59,19,үгүй,түрээсэлдэг,тийм,Борлуулагч,Улан Батор,6,8,90,100.0,69,18.3,84.7,663
845,8499356,64,31,тийм,эзэмшдэг,тийм,Инженер,Сүхбаатар,13,14,90,100.0,57,17.0,73.4,632
846,9477353,45,17,тийм,түрээсэлдэг,тийм,Бусад,Баянхонгор,18,0,60,100.0,66,19.0,78.8,634
847,8867505,57,13,тийм,эзэмшдэг,тийм,Сувилагч,Сүхбаатар,13,1,50,99.5,55,17.7,100.0,661
848,15365900,28,1,үгүй,түрээсэлдэг,тийм,Сувилагч,Сүхбаатар,12,18,90,27.4,60,30.7,96.1,640
849,6086780,62,27,тийм,түрээсэлдэг,үгүй,Сувилагч,Улан Батор,0,13,100,100.0,44,12.2,72.4,621
850,6407009,36,13,үгүй,түрээсэлдэг,тийм,Сувилагч,Өлгий,18,7,90,86.5,94,12.8,64.8,618
851,6130578,28,3,үгүй,түрээсэлдэг,тийм,Бусад,Ховд,0,5,30,34.8,68,12.3,95.2,586
852,6333568,21,0,тийм,эзэмшдэг,үгүй,Бусад,Дархан,3,11,60,38.7,86,12.7,90.6,607
853,6087838,64,23,үгүй,эзэмшдэг,тийм,Борлуулагч,Баянхонгор,9,14,50,100.0,76,12.2,88.3,641
854,11567049,25,6,тийм,түрээсэлдэг,тийм,Техникч,Мөрөн,2,13,80,76.5,82,23.1,100.0,682
855,12261512,23,3,тийм,эзэмшдэг,тийм,Техникч,Сайншанд,19,0,60,57.2,61,24.5,99.5,645
856,6287761,21,0,үгүй,түрээсэлдэг,тийм,Эмч,Дархан,8,10,60,51.5,53,12.6,76.6,572
857,5502933,24,2,үгүй,эзэмшдэг,тийм,Сувилагч,Өлгий,2,2,100,52.4,96,11.0,67.4,599
858,9414246,60,22,үгүй,эзэмшдэг,үгүй,Сувилагч,Ховд,5,18,70,100.0,58,18.8,50.4,580
859,6343330,55,7,тийм,эзэмшдэг,тийм,Менежер,Баянхонгор,5,17,70,76.2,74,12.7,69.2,596
860,9898795,52,17,тийм,эзэмшдэг,тийм,Техникч,Ховд,11,19,50,100.0,63,19.8,86.3,643
861,8608769,62,11,үгүй,түрээсэлдэг,үгүй,Борлуулагч,Өлгий,0,1,70,71.6,81,17.2,100.0,663
862,3452767,54,30,тийм,түрээсэлдэг,үгүй,Инженер,Дархан,15,6,50,100.0,99,6.9,76.3,622
863,12642515,63,13,тийм,түрээсэлдэг,тийм,Эмч,Баянхонгор,4,7,60,100.0,45,25.3,92.5,660
864,13387633,45,1,тийм,түрээсэлдэг,тийм,Эмч,Арвайхээр,8,18,100,61.0,99,26.8,76.3,650
865,6161633,30,1,тийм,түрээсэлдэг,тийм,Борлуулагч,Баянхонгор,9,14,80,45.6,97,12.3,84.3,617
866,6836895,41,1,үгүй,түрээсэлдэг,үгүй,Инженер,Ховд,12,9,90,71.5,42,13.7,97.4,641
867,8857596,59,10,тийм,эзэмшдэг,үгүй,Менежер,Арвайхээр,14,0,70,72.2,73,17.7,55.3,573
868,9003370,47,8,үгүй,түрээсэлдэг,тийм,Бусад,Эрдэнэт,11,5,50,81.1,84,18.0,73.8,612
869,9975632,47,11,тийм,эзэмшдэг,тийм,Нярав,Ховд,4,12,40,82.5,89,20.0,89.2,643
870,14030613,22,0,үгүй,эзэмшдэг,тийм,Техникч,Ховд,4,13,80,51.8,41,28.1,84.1,617
871,7469158,61,14,тийм,түрээсэлдэг,үгүй,Сувилагч,Сүхбаатар,17,2,80,94.2,54,14.9,72.1,614
872,5605108,33,8,тийм,эзэмшдэг,тийм,Борлуулагч,Өлгий,11,10,40,71.5,76,11.2,43.5,525
873,3862042,29,0,тийм,эзэмшдэг,тийм,Техникч,Баянхонгор,2,2,10,46.1,54,7.7,74.5,529
874,5807209,56,28,тийм,эзэмшдэг,үгүй,Сувилагч,Сайншанд,6,18,70,100.0,99,11.6,83.9,656
875,7900619,42,17,тийм,эзэмшдэг,тийм,Нярав,Баянхонгор,16,9,100,89.7,71,15.8,71.7,632
876,13383673,62,31,үгүй,эзэмшилгүй,тийм,Нярав,Сүхбаатар,18,14,70,100.0,60,26.8,77.1,646
877,6447166,46,21,үгүй,эзэмшдэг,тийм,Бусад,Дархан,17,10,90,100.0,56,12.9,87.6,652
878,8671363,32,5,тийм,эзэмшдэг,тийм,Хуульч,Ховд,0,14,70,55.9,73,17.3,90.1,626
879,7950731,37,16,тийм,эзэмшдэг,тийм,Нярав,Улан Батор,4,12,70,100.0,71,15.9,39.7,562
880,11565179,34,6,тийм,эзэмшдэг,тийм,Техникч,Улаангом,1,4,80,92.9,89,23.1,50.3,604
881,15580797,34,7,тийм,эзэмшилгүй,тийм,Багш,Ховд,0,3,100,76.8,86,31.2,70.4,652
882,6407393,54,7,үгүй,эзэмшдэг,үгүй,Багш,Улан Батор,6,12,60,78.2,91,12.8,93.6,648
883,6531681,40,8,үгүй,түрээсэлдэг,тийм,Сувилагч,Эрдэнэт,10,8,70,65.9,62,13.1,92.3,626
884,11132482,31,5,тийм,түрээсэлдэг,тийм,Сувилагч,Дархан,10,16,80,53.1,74,22.3,87.1,632
885,10045674,36,4,тийм,эзэмшилгүй,тийм,Хуульч,Баянхонгор,17,1,90,58.6,76,20.1,79.2,625
886,13540121,51,28,тийм,түрээсэлдэг,үгүй,Багш,Сайншанд,16,4,70,100.0,82,27.1,70.1,645
887,9751784,26,3,үгүй,түрээсэлдэг,үгүй,Сувилагч,Мөрөн,1,15,100,66.1,80,19.5,69.1,618
888,6922123,39,10,тийм,эзэмшдэг,тийм,Нярав,Ховд,6,6,60,61.7,76,13.8,86.5,615
889,9771964,57,0,үгүй,эзэмшдэг,тийм,Сувилагч,Сайншанд,6,0,60,71.5,96,19.5,61.2,594
890,11326110,24,2,үгүй,эзэмшдэг,тийм,Эмч,Сүхбаатар,9,11,90,58.5,72,22.7,92.8,653
891,10461446,24,2,тийм,түрээсэлдэг,тийм,Хуульч,Баянхонгор,2,10,70,40.5,64,20.9,73.1,582
892,9521822,40,8,үгүй,эзэмшдэг,тийм,Борлуулагч,Ховд,11,11,70,75.6,85,19.0,84.3,641
893,11200024,30,10,тийм,эзэмшдэг,үгүй,Инженер,Улан Батор,2,18,70,71.0,76,22.4,80.1,630
894,11507886,44,1,үгүй,эзэмшдэг,үгүй,Менежер,Мөрөн,10,11,40,43.3,79,23.0,69.7,573
895,12146476,55,3,тийм,эзэмшдэг,тийм,Инженер,Ховд,11,11,50,48.4,60,24.3,80.3,595
896,9946129,46,3,тийм,эзэмшдэг,үгүй,Инженер,Дархан,3,13,50,56.4,85,19.9,80.0,607
897,7498645,57,17,үгүй,эзэмшилгүй,үгүй,Бусад,Баянхонгор,15,1,70,100.0,99,15.0,34.5,566
898,8440141,58,14,үгүй,эзэмшдэг,тийм,Борлуулагч,Арвайхээр,19,1,80,92.9,87,16.9,72.0,635
899,11619526,41,18,үгүй,түрээсэлдэг,тийм,Сувилагч,Ховд,17,3,50,100.0,77,23.2,93.9,671
900,5549192,60,12,тийм,түрээсэлдэг,үгүй,Бусад,Ховд,3,19,50,95.4,79,11.1,78.5,619
901,9106019,59,18,үгүй,эзэмшдэг,тийм,Инженер,Баянхонгор,5,15,40,100.0,73,18.2,82.6,633
902,6819983,41,16,тийм,эзэмшдэг,үгүй,Эмч,Сайншанд,14,9,90,86.4,58,13.6,85.7,640
903,8086234,30,5,үгүй,эзэмшдэг,үгүй,Менежер,Баянхонгор,0,12,60,49.0,66,16.2,76.7,583
904,11835355,58,11,тийм,эзэмшдэг,тийм,Инженер,Сүхбаатар,2,1,90,79.1,48,23.7,82.2,638
905,8573297,24,2,үгүй,түрээсэлдэг,үгүй,Багш,Баянхонгор,4,2,90,67.4,44,17.1,98.1,646
906,8139309,65,36,үгүй,эзэмшдэг,үгүй,Борлуулагч,Эрдэнэт,16,18,60,100.0,44,16.3,84.5,629
907,3920431,40,16,үгүй,эзэмшдэг,тийм,Борлуулагч,Баянхонгор,13,5,50,100.0,64,7.8,77.8,607
908,10238760,37,0,тийм,түрээсэлдэг,тийм,Борлуулагч,Өлгий,8,18,80,53.9,65,20.5,62.6,578
909,9936452,27,8,тийм,эзэмшилгүй,тийм,Хуульч,Ховд,2,19,90,72.6,58,19.9,86.2,640
910,14489764,24,1,үгүй,түрээсэлдэг,тийм,Хуульч,Баянхонгор,12,18,50,48.2,69,29.0,49.7,548
911,7076665,49,14,тийм,түрээсэлдэг,тийм,Нярав,Баянхонгор,2,7,50,84.6,75,14.2,71.2,599
912,8657450,34,6,үгүй,түрээсэлдэг,тийм,Техникч,Өлгий,10,13,90,53.3,87,17.3,88.8,640
913,8748151,23,4,тийм,эзэмшдэг,тийм,Менежер,Баянхонгор,1,9,70,80.0,87,17.5,96.1,666
914,12732359,44,20,тийм,түрээсэлдэг,тийм,Бусад,Сүхбаатар,14,2,30,100.0,55,25.5,100.0,663
915,7714113,57,12,үгүй,эзэмшдэг,үгүй,Сувилагч,Баянхонгор,12,5,70,81.6,46,15.4,79.4,609
916,8837064,36,4,үгүй,түрээсэлдэг,үгүй,Инженер,Эрдэнэт,18,14,80,80.2,57,17.7,82.1,628
917,9823689,24,0,тийм,түрээсэлдэг,үгүй,Техникч,Баянхонгор,15,17,80,70.1,95,19.6,83.1,646
918,8559827,44,23,тийм,эзэмшдэг,тийм,Сувилагч,Дархан,17,13,50,100.0,60,17.1,75.7,616
919,6660699,54,10,тийм,түрээсэлдэг,үгүй,Бусад,Ховд,6,18,80,77.5,70,13.3,62.3,588
920,8582269,50,16,үгүй,эзэмшилгүй,үгүй,Техникч,Улан Батор,12,9,80,99.1,40,17.2,85.9,641
921,11220895,38,3,тийм,эзэмшдэг,тийм,Сувилагч,Улан Батор,3,14,70,65.5,42,22.4,82.6,611
922,4920454,39,14,үгүй,түрээсэлдэг,тийм,Эмч,Улан Батор,8,3,80,100.0,70,9.8,62.6,601
923,8398909,51,24,үгүй,эзэмшдэг,тийм,Хуульч,Баянхонгор,9,1,70,100.0,64,16.8,91.8,660
924,5899637,39,8,тийм,түрээсэлдэг,үгүй,Бусад,Сүхбаатар,8,2,80,64.2,92,11.8,81.6,624
925,11585139,39,20,үгүй,эзэмшдэг,тийм,Менежер,Мөрөн,6,6,80,100.0,47,23.2,68.8,623
926,3430439,42,19,тийм,түрээсэлдэг,тийм,Багш,Өлгий,14,15,100,100.0,40,6.9,100.0,663
927,6323234,44,18,тийм,эзэмшилгүй,тийм,Эмч,Өлгий,7,9,30,100.0,46,12.6,69.8,579
928,9131635,65,18,үгүй,түрээсэлдэг,тийм,Хуульч,Баянхонгор,18,18,50,100.0,46,18.3,69.6,599
929,12696572,32,11,тийм,түрээсэлдэг,тийм,Борлуулагч,Дархан,10,16,90,80.6,47,25.4,69.1,616
930,7802749,50,4,тийм,эзэмшдэг,тийм,Хуульч,Дархан,4,18,90,60.3,58,15.6,73.9,599
931,6334401,58,16,тийм,эзэмшилгүй,тийм,Техникч,Ховд,1,4,80,100.0,56,12.7,75.1,622
932,13643471,51,27,тийм,эзэмшдэг,үгүй,Нярав,Баянхонгор,9,19,70,100.0,50,27.3,48.9,587
933,3655958,56,34,тийм,түрээсэлдэг,тийм,Эмч,Улаангом,15,12,80,100.0,86,7.3,66.8,614
934,2000000,39,14,үгүй,эзэмшдэг,тийм,Борлуулагч,Эрдэнэт,12,12,70,100.0,80,4.0,78.5,622
935,9320043,65,17,үгүй,эзэмшдэг,тийм,Техникч,Улан Батор,7,10,60,100.0,88,18.6,98.4,684
936,6493837,56,13,үгүй,түрээсэлдэг,тийм,Бусад,Эрдэнэт,8,10,70,88.2,50,13.0,100.0,652
937,4936301,50,2,тийм,эзэмшдэг,тийм,Менежер,Улан Батор,10,15,10,62.7,77,9.9,95.0,598
938,10125069,53,6,тийм,эзэмшдэг,тийм,Хуульч,Арвайхээр,10,14,70,58.1,80,20.3,58.4,576
939,8731402,38,8,тийм,эзэмшдэг,үгүй,Бусад,Арвайхээр,15,16,60,81.5,89,17.5,79.6,631
940,6307764,48,12,тийм,эзэмшдэг,үгүй,Борлуулагч,Баянхонгор,9,17,90,82.2,91,12.6,77.6,637
941,4159086,31,1,тийм,эзэмшдэг,үгүй,Техникч,Арвайхээр,11,18,60,64.3,41,8.3,100.0,614
942,10617371,65,36,тийм,эзэмшдэг,тийм,Нярав,Баянхонгор,5,3,90,100.0,43,21.2,87.5,659
943,9950603,53,12,тийм,эзэмшдэг,тийм,Хуульч,Сайншанд,11,4,60,90.5,89,19.9,60.1,605
944,7702472,37,3,тийм,эзэмшдэг,үгүй,Менежер,Мөрөн,9,6,80,56.7,67,15.4,77.5,602
945,13539910,26,6,үгүй,түрээсэлдэг,тийм,Нярав,Ховд,17,1,50,61.0,72,27.1,86.4,628
946,4789745,24,1,үгүй,эзэмшдэг,тийм,Сувилагч,Дархан,17,0,70,60.7,50,9.6,95.3,615
947,3423424,40,15,үгүй,эзэмшилгүй,тийм,Техникч,Мөрөн,3,11,60,93.5,42,6.8,77.0,592
948,5924275,47,8,үгүй,түрээсэлдэг,тийм,Бусад,Эрдэнэт,8,9,90,78.7,79,11.8,85.3,641
949,7863241,35,8,үгүй,эзэмшдэг,тийм,Хуульч,Эрдэнэт,6,7,80,86.7,44,15.7,35.9,534
950,8730018,26,5,тийм,түрээсэлдэг,үгүй,Хуульч,Сүхбаатар,17,0,70,72.9,91,17.5,86.6,644
951,7276291,34,10,тийм,түрээсэлдэг,тийм,Борлуулагч,Арвайхээр,7,11,40,69.2,60,14.6,100.0,628
952,9056166,31,5,үгүй,эзэмшилгүй,тийм,Менежер,Дархан,10,1,50,59.6,61,18.1,62.5,560
953,4245381,59,21,үгүй,түрээсэлдэг,үгүй,Багш,Ховд,6,9,60,100.0,93,8.5,62.5,600
954,12331293,29,0,үгүй,эзэмшдэг,үгүй,Сувилагч,Улан Батор,8,16,70,57.9,76,24.7,42.0,549
955,7753546,46,3,үгүй,түрээсэлдэг,тийм,Нярав,Мөрөн,7,2,50,55.1,99,15.5,100.0,645
956,11351887,36,12,тийм,түрээсэлдэг,тийм,Эмч,Баянхонгор,2,6,70,88.0,50,22.7,79.2,628
957,9028176,25,6,үгүй,түрээсэлдэг,үгүй,Эмч,Ховд,16,11,70,69.9,83,18.1,73.6,613
958,9370259,30,1,үгүй,эзэмшдэг,үгүй,Хуульч,Ховд,1,7,50,56.3,61,18.7,94.1,619
959,9709301,23,0,тийм,түрээсэлдэг,тийм,Борлуулагч,Өлгий,14,19,50,38.2,80,19.4,100.0,627
960,9343125,33,7,үгүй,эзэмшилгүй,үгүй,Инженер,Арвайхээр,13,11,70,56.8,92,18.7,87.7,635
961,9928168,63,7,тийм,эзэмшдэг,тийм,Хуульч,Сайншанд,17,2,60,48.4,52,19.9,71.9,572
962,11987457,50,6,үгүй,эзэмшдэг,тийм,Эмч,Улан Батор,15,16,80,69.1,93,24.0,92.6,669
963,8589563,65,35,үгүй,эзэмшдэг,тийм,Эмч,Ховд,19,8,80,100.0,91,17.2,100.0,697
964,10127011,26,1,тийм,түрээсэлдэг,тийм,Сувилагч,Улан Батор,3,9,90,74.4,42,20.3,67.4,597
965,7730792,37,2,үгүй,түрээсэлдэг,үгүй,Бусад,Улан Батор,19,5,70,62.5,52,15.5,55.7,551
966,12320351,65,27,тийм,түрээсэлдэг,тийм,Инженер,Арвайхээр,5,0,60,100.0,67,24.6,56.9,602
967,5970823,39,5,үгүй,эзэмшдэг,тийм,Хуульч,Улан Батор,5,11,90,76.4,93,11.9,66.7,611
968,13402821,62,43,тийм,түрээсэлдэг,тийм,Сувилагч,Ховд,10,4,70,100.0,50,26.8,100.0,685
969,7879526,55,20,үгүй,эзэмшдэг,тийм,Борлуулагч,Ховд,16,12,50,100.0,50,15.8,75.2,608
970,3707674,46,27,тийм,эзэмшдэг,тийм,Сувилагч,Ховд,2,14,90,100.0,60,7.4,65.9,604
971,8384313,25,5,үгүй,түрээсэлдэг,тийм,Хуульч,Сайншанд,12,10,60,72.2,91,16.8,74.3,613
972,5956845,49,21,тийм,эзэмшилгүй,тийм,Техникч,Баянхонгор,2,7,90,100.0,60,11.9,81.3,641
973,10521930,57,0,үгүй,эзэмшилгүй,үгүй,Багш,Эрдэнэт,15,4,10,65.7,46,21.0,66.4,547
974,6042128,40,3,үгүй,эзэмшилгүй,тийм,Хуульч,Баянхонгор,14,1,80,43.8,56,12.1,75.9,576
975,6661449,41,20,үгүй,эзэмшдэг,тийм,Менежер,Дархан,10,11,100,100.0,87,13.3,95.2,690
976,2331377,30,11,үгүй,эзэмшдэг,үгүй,Эмч,Мөрөн,17,1,80,74.6,53,4.7,100.0,634
977,6643081,25,2,үгүй,түрээсэлдэг,тийм,Инженер,Сайншанд,14,15,70,74.6,72,13.3,55.8,569
978,2000000,56,34,тийм,эзэмшилгүй,тийм,Инженер,Мөрөн,4,2,90,100.0,50,4.0,94.9,648
979,3248291,26,4,тийм,эзэмшдэг,үгүй,Бусад,Сүхбаатар,15,9,80,70.9,52,6.5,73.3,583
980,10281243,46,24,тийм,эзэмшдэг,тийм,Багш,Сүхбаатар,15,18,60,100.0,40,20.6,76.3,618
981,10357400,24,0,үгүй,эзэмшдэг,тийм,Менежер,Улаангом,16,7,90,53.8,73,20.7,84.6,631
982,9276372,59,9,үгүй,түрээсэлдэг,тийм,Эмч,Арвайхээр,8,6,80,68.4,48,18.6,81.8,614
983,5099071,59,9,тийм,эзэмшдэг,тийм,Инженер,Баянхонгор,2,0,80,72.5,52,10.2,73.5,590
984,7856865,55,12,үгүй,эзэмшдэг,үгүй,Менежер,Сүхбаатар,19,11,100,86.7,76,15.7,100.0,686
985,7989192,21,0,үгүй,эзэмшдэг,тийм,Сувилагч,Баянхонгор,12,4,80,43.5,69,16.0,89.4,616
986,4524905,44,5,үгүй,эзэмшдэг,үгүй,Бусад,Баянхонгор,2,15,60,56.7,80,9.0,80.3,593
987,12510194,56,23,тийм,түрээсэлдэг,үгүй,Хуульч,Ховд,6,3,50,100.0,84,25.0,80.6,652
988,10632086,26,1,тийм,эзэмшдэг,тийм,Хуульч,Баянхонгор,5,16,70,46.9,76,21.3,63.4,576
989,7337107,61,21,тийм,түрээсэлдэг,тийм,Техникч,Улан Батор,8,1,40,100.0,86,14.7,67.2,605
990,8080657,64,16,үгүй,түрээсэлдэг,тийм,Эмч,Улан Батор,11,11,80,93.6,46,16.2,99.4,664
991,8625148,51,13,тийм,түрээсэлдэг,тийм,Менежер,Баянхонгор,14,0,70,82.2,53,17.3,78.1,614
992,2000000,40,9,тийм,эзэмшдэг,тийм,Нярав,Арвайхээр,19,11,60,67.7,87,4.0,72.1,582
993,7258467,44,2,үгүй,эзэмшилгүй,үгүй,Инженер,Өлгий,2,11,50,56.1,45,14.5,84.8,585
994,5954047,45,24,үгүй,түрээсэлдэг,үгүй,Борлуулагч,Сайншанд,9,11,90,100.0,73,11.9,83.3,652
995,4995139,56,2,үгүй,эзэмшилгүй,тийм,Борлуулагч,Эрдэнэт,0,18,70,62.5,55,10.0,67.1,565
996,7156699,41,14,тийм,эзэмшилгүй,тийм,Хуульч,Улаангом,18,16,90,76.7,90,14.3,100.0,678
997,13393059,50,5,тийм,эзэмшдэг,үгүй,Нярав,Ховд,18,19,60,73.6,76,26.8,98.2,668
998,9922528,44,16,үгүй,эзэмшдэг,тийм,Борлуулагч,Улан Батор,12,10,60,100.0,75,19.8,77.1,637
999,6286463,64,11,тийм,эзэмшдэг,үгүй,Багш,Улаангом,11,12,70,91.9,85,12.6,73.6,623
1000,9717748,62,23,тийм,түрээсэлдэг,тийм,Багш,Мөрөн,0,7,90,100.0,98,19.4,67.5,647
